video_id,title,published_at,view_count
Jz_ACml012M,blind man ğŸ¤£ğŸ¤£#abdulbkcomedy #funny #newfunnycomdey #comedy #prankvideo #funnyprank #newcomdy,2023-12-24T19:01:38Z,252034957
50e7z9YxImI,HÃ¬nh dÃ¡n Harry Potter P217 #shorts,2023-11-24T13:00:06Z,181682772
XyFvkzSVh5I,Parkour With Emojis Pt 4 â­•ï¸ğŸ¥ŠğŸ›¼ğŸ¤•,2023-11-03T10:00:25Z,165378330
OaU9CpXr0jw,penyuntikan vitamin pada lembu galak,2024-06-12T07:00:00Z,98833336
Yop3GGkYEK0,"""Spitting out pearls, eating again."" #mermaid #beautiful",2024-06-04T05:51:53Z,56799743
mZuBmGJ4FkE,Did This Cameraman Help To Score A Goal? ğŸ˜³ğŸ˜…,2024-01-09T11:00:42Z,42066904
scK6RRYEiUY,ChikÃ© & Mohbad - Egwu (Official Video),2024-02-28T14:00:08Z,38728620
af46_drLxrE,Belgian malinois jump training #smartdogs,2024-04-27T18:04:05Z,37830182
RaH8gjDAvl4,POV: You Hop In A Kids Race Car,2024-05-31T20:30:06Z,36855347
9bv0rBDxVrY,Sports You Never Knew Existed ğŸ‘€,2024-06-20T09:07:43Z,33871674
9bv0rBDxVrY,Sports You Never Knew Existed ğŸ‘€,2024-06-20T09:07:43Z,33871674
GsW5Nmr7jcw,The ball control ğŸ¤¤ #shorts #fcbarcelona,2024-01-02T17:35:40Z,33753324
9aanF4flRAk,When you catch a baby staring out of nowhereâ€¦ğŸ˜¤,2024-05-14T17:00:05Z,30858454
hmbWqkygQzE,American Soldier training ğŸ™„,2024-04-15T15:00:38Z,30759574
J_fJVtfVs6o,Fortunately my daughter came up with this great idea,2024-04-07T05:10:22Z,30514258
ga1MWxl6RQ8,The magic wall)#comedy #trendingshorts #trending #trendingvideo #african #videogames #videos #funny,2024-05-21T06:22:35Z,29876311
Ile3q2D0zf8,Tappu Parmar | #tappuparmar #viral #trending,2024-06-04T04:32:26Z,27734092
hm0CWqreC6o,harika bir yarÄ±ÅŸ ğŸ”¥,2024-04-21T19:33:52Z,25266636
hm0CWqreC6o,harika bir yarÄ±ÅŸ ğŸ”¥,2024-04-21T19:33:52Z,25266636
vH4YVd-zayc,à¤¯à¥‡ à¤²à¤¡à¤¼à¤•à¥€ à¤¨à¥‡ à¤®à¤œà¥à¤œà¥‡ à¤®à¤œà¥à¤œà¥‡ à¤®à¥‡à¤‚ à¤à¤¸à¤¾ à¤•à¤° à¤¦à¥€ #shorts #foryou,2024-05-06T16:31:00Z,24384076
FOf8obLMor8,"These dogs said ""God bless you"" #shorts #dog #dogs",2024-05-28T23:57:39Z,23630628
r6M_I4LOab4,boys attitude,2024-06-15T04:51:29Z,23227216
DJfHHQl4xSc,This single better be dropping soon ğŸ‘€  #SNL #SelenaGomez #Shorts,2023-08-30T22:00:06Z,22741518
Bln_zroaHaA,First day at beachğŸ¤¦ #shorts,2024-04-04T21:55:47Z,22675830
wVeCfd3y-oE,Mechanical Switch â€¢ Dc Motor | #tech #dcmotor #youtubeshorts #motor #mechanicalproject,2024-05-10T12:55:00Z,21986705
TOFRxI2ZxC8,Bamboo cage loach I didn't expect to harvest so many loaches #RealOutdoor #It turns out catching,2024-06-27T09:19:26Z,19129001
A0-xN3hv0Og,Kids born in 2050ğŸ’” #football #foryou #ronaldo #cr7,2024-06-16T14:50:57Z,14022247
ip1M_ERCMAc,Accidentally dying my hair PURPLE ğŸ˜‘,2024-06-26T14:54:51Z,13778876
ujR9PD51_z8,PREGNANT KAREN GOT INSTANT KARMA ON BUS!ğŸ˜±| #shorts #karen,2024-05-31T15:00:53Z,12764311
ujR9PD51_z8,PREGNANT KAREN GOT INSTANT KARMA ON BUS!ğŸ˜±| #shorts #karen,2024-05-31T15:00:53Z,12764311
zVcGo35uBAY,#WeArePlay | Steven | Super | Indonesia,2023-12-13T17:00:50Z,12442849
FQ4Fi6Fs8_s,What is the real name of Prabas? ğŸ˜± #prabhas #bollywood #entertainment #sorts  cradit -SET India,2024-06-20T05:33:49Z,12193503
r18EPbaoB9U,Arshavin prime Vs Liverpool ğŸ˜ˆğŸ”¥ğŸ¥¶ #football #shorts #arshavin,2024-05-30T18:13:55Z,11848951
OQMDeMieLzQ,Everyone Needs A Big Brother. #motivation #lifelessons #motivationalquotes #wisdom #shorts #mindset,2024-06-10T17:00:05Z,11136059
h0g900tfkfY,How I Place A Drip Pan Vs. How Everyone Does It | U.S. Army Technique #militaryshorts #uasrmy #usmc,2024-06-02T13:41:56Z,10655212
M0lWr9tnI0I,Why Crypto Games Keep You Hooked,2024-07-02T11:53:04Z,10455728
KGHmwhmy8yo,Creative Timber Board Replacement on a Car Trailer: No Welding Needed,2024-06-06T10:35:08Z,10141151
yxh8VsVKI3E,Ù…Ø§Ø´Ø§ Ø·Ù„Ø¨Øª Ø£Ø¹Ù…Ù„ Ù„ÙˆÙ† Ø§Ù„Ù…Ø³Ø¨Ø­ Ø²Ù‡Ø±ÙŠ Ø¹Ø´Ø§Ù† Ø§Ù„Ø¨Ù†Ø§Øª,2024-05-16T13:14:35Z,9712609
cJZgAt7x0IY,Pedagang barang KW?! #1,2024-05-24T12:50:36Z,8756289
wYX9G9eCiiM,Spin Finish! Dran Sword vs Wizard Rod | Beyblade X Battle in Saujana Upperground XVI,2024-05-25T22:00:33Z,8733546
GYrQWDe5RjA,BUAT BENDERA INDONESIA â‰ï¸ #diy #papercraft #tutorial,2024-06-22T08:50:01Z,8653137
ZHjZNVbFzw8,This or That ğŸ”,2024-06-28T20:00:15Z,8228614
ADsF45DvzaA,"Ruger, Bnxn - POE (Official Video)",2024-04-18T09:00:06Z,7756246
FlNmwgLPoRI,WHEN YOUR HIDDEN PLAYLIST COMES ON #shorts #dbz,2024-05-27T22:44:39Z,7700608
XEHMKkrFknE,How did the Vande Bharat train become so crowded? #shorts #prv2avlogs,2024-06-27T17:19:41Z,6841383
Mu5988t7QKU,"Burna Boy - Tshwala Bam ft. (Omah Lay, Victony, TitoM & Yuppe)",2024-06-02T14:00:08Z,6826973
YgZLFEjAmDs,MOSES BLISS - CARRY AM GO [OFFICIAL VIDEO],2024-03-09T17:43:57Z,6695631
Z9kFp60e0vA,Jebakan yang Mematikan #shorts,2024-06-15T04:00:19Z,6457383
B6KoCX7nkz0,IT WAS JUST A PHONE CALL STEVE!! ğŸ‘®ğŸ’– #shorts #funny,2024-06-18T20:59:00Z,6181875
aG50MrgBKA0,Catch blue crabs. There are many blue crab holes beside the blue crab pond. #RealOutdoor,2024-06-25T01:01:29Z,5917237
_N-Gc_77lQ0,Tetris Survival Challenge Open Mouth - Softbody Simulation V15,2024-06-02T08:58:33Z,5629508
3efxEHMw3XU,Samosa - New folding Technique #viral #food #trending #recipe #samosa #trendingshorts #ytshorts #yt,2024-06-02T10:04:48Z,5543573
Y0i644E4_WA,Result or backstage? ğŸ¤£ğŸ˜‚ğŸ™ˆ,2024-06-22T16:01:31Z,5217109
CPrbk2ZZVzw,POV: Brazilian Netflix,2024-06-26T20:30:01Z,5159298
5Q3febkD9mU,Different Types of People when eating Spicy Food ğŸŒ¶ï¸ğŸ˜¹ #shorts,2024-05-26T16:54:25Z,5122579
W2qlcMb2dHY,Heeriye (Official Video) Jasleen Royal ft Arijit Singh| Dulquer Salmaan| Aditya Sharma |Taani Tanvir,2024-06-24T11:57:56Z,4914040
vL8vye_XHdY,GOHAN VISITS FOOTLOCKER #shorts #dbz,2024-04-29T23:21:05Z,4686936
E0CON1Glyy4,First day on flight âœˆï¸ğŸ˜³,2024-06-22T17:35:18Z,4662848
5ANiJrwsG3s,Badass women look out for other women! #womensupportingwomen #bebadass,2024-06-27T01:30:02Z,4629421
7uBpwcn2ZZ0,A SPOR CANLI YAYIN ğŸ”´,2024-06-13T05:25:26Z,4595032
2Ct0Ya7u1WI,Ayra Starr - Bad Vibes ft. Seyi Vibez (Official Music Video),2024-05-10T17:00:03Z,4546840
EucJ32b6dWY,GOHAN WITNESSES MICHAEL JACKSONâ€™S AURA #shorts,2024-06-14T21:56:03Z,4474086
q2waEdRIOyA,ĞŸĞ¾Ñ€ÑƒĞ³Ğ°Ğ»Ğ¸ÑÑŒ Ğ¸Ğ·-Ğ·Ğ° Ğ¿Ñ€Ğ¾Ğ´Ğ°Ğ²Ñ‰Ğ¸Ñ†Ñ‹ Ğ½Ğ° Ñ€Ñ‹Ğ½ĞºĞµ ğŸ¤£ #ĞºĞ¸Ğ½Ğ¾ #ÑĞµÑ€Ğ¸Ğ°Ğ»  #shorts,2024-06-24T10:09:03Z,4461083
KOmMnmfFn8w,Spiderman and Weird Ice creamğŸ¦ğŸ˜±#trending #marvel #dc #shorts,2024-05-21T02:17:39Z,4390003
eYsldLTYyrM,"Rema, Shallipopi - BENIN BOYS",2024-06-21T17:00:06Z,4364517
9sT3OOmLQDQ,"Love them now, before it's too late.",2024-06-15T20:55:19Z,4322160
wRnbJgSg9i0,#update #rinku #tamanna ğŸ™ğŸ¿ğŸ™ğŸ¿ğŸŒ¶ï¸ğŸ’”,2024-05-17T13:31:10Z,4189514
AWNHox4XOjE,Patoranking - TONIGHT [Feat. Popcaan] (Official Video),2023-07-12T15:00:12Z,4176631
TQa_3xXWw2M,PICCOLO DAPS UP TIGER WOODS #shorts,2024-06-20T21:48:20Z,4061609
VwcY7PwFvMc,Kizz Daniel - Double (Official Visualizer),2024-05-30T23:00:15Z,4007492
GwCcyGHIdqg,GOHAN GETS SUPER SAIYAN WAVES #shorts #dbz #gohan,2024-05-30T23:11:01Z,3854082
96GTqK6kxLk,Pixelverse Movement - Simplifying Crypto for Everyone â€“ 50M Players Already Joined.,2024-07-01T17:55:37Z,3731006
vdkzET0P3W0,fancy dress design ğŸ’#viral #dress #fashiondesign,2024-06-20T14:00:02Z,3688044
L7ccIVgEdL0,"CROSSED LINES (New Movie) Maurice Sam, Sonia Uche, Victory Michael 2024 Nollywood Romance Movie",2024-06-21T16:00:21Z,3549777
L7ccIVgEdL0,"CROSSED LINES (New Movie) Maurice Sam, Sonia Uche, Victory Michael 2024 Nollywood Romance Movie",2024-06-21T16:00:21Z,3549777
vp0b_fqPvkM,Victony & Asake - Stubborn (Official Music Video),2024-05-11T16:00:07Z,3418256
vp0b_fqPvkM,Victony & Asake - Stubborn (Official Music Video),2024-05-11T16:00:07Z,3418256
DgYvQBmEct4,Danny Young & S.N.E - Jangolova (Official Video),2024-06-14T09:00:06Z,3418160
IUXAIhAJkfM,How people reacted to a drowning person ğŸ˜… #comedy #foryou,2024-06-27T11:30:17Z,3084598
eYtlfS1o_8U,ğŸ¥ºà®•à®Ÿà®©à¯ à®•à¯Šà®Ÿà¯à®•à¯à®•à®¤à¯ à®¤à¯à®ªà¯à®ªà®¿à®²à¯à®²à¯ˆğŸ¥²ğŸ’¯ Real Story #reels #kaathalkolars #couple #shorts #kadan #vaddi,2024-06-20T08:51:00Z,3057141
88ppxPT95bo,Tshwala Bam (feat. S.N.E) (Remix),2024-05-14T10:01:30Z,3030585
0ViSeA_6B-4,"EJIRO'S WISH (THE MOVIE) {MERCY JOHNSON OKOJIE, REGINA DANIELS} - 2024 LATEST NIGERIAN MOVIE",2024-06-27T15:00:01Z,2980377
YYIWx9jB0Rw,Appreciate An Understanding Child. #motivation #lifelessons #motivationalspeech #wisdom #mindset,2024-05-31T17:36:35Z,2917504
4TDDfDL_T_Y,Spiderman vs Supergirl ğŸ˜±ğŸ’¥ğŸ¥º(revenge for his dad ğŸ¥º)#marvel #avengers #dc #shorts #trending,2024-06-13T07:37:45Z,2896280
3ucg3uE1nvI,Kcee - Big Fish (Official Video),2024-05-10T16:00:08Z,2849988
pyZqKhbJa78,Don't Judge A Book By It's Cover. #motivation #lifelessons #motivationalspeech #wisdom #mindset,2024-05-28T21:45:57Z,2776968
QMD9oUuRs-E,Flavour - Her Excellency (Nwunye Odogwu) (Official Video),2024-06-21T13:00:28Z,2698401
O3ud1W-VGNI,When you use your babyâ€™s face for Face ID,2024-06-20T23:22:16Z,2624618
6BsjyitS-f8,That one physical friend,2024-04-08T15:55:32Z,2603565
7bjIixyVEjE,CKay ft. Olamide - Wahala [Lyric Video],2024-04-18T22:01:50Z,2595689
-5rET0jxCjo,Dr Paul Enenche - Elee (Studio Remix Bonus) [Official Music Video],2024-06-16T11:00:07Z,2514611
5UUR8MJHn60,Talk about precision! ğŸ¤¸â€â™€ï¸,2023-10-11T16:15:00Z,2495495
9ai6uKUO6bI,GOHAN AND PICCOLO IN NAMEK #shorts,2024-06-11T22:47:45Z,2341817
eKzmRnetw-c,Burna Boy - Higher [Official Music Video],2024-06-28T14:00:36Z,2283193
ZtJTtKyammo,When she wants to leave youğŸ˜‚ sound:@marrkadams89,2024-06-25T21:00:18Z,2207000
z6grZo7vM2A,WHO DID IT BETTER (yo bunny) #choreography #trending #tiktok,2024-06-25T01:00:26Z,2195229
eG0GY2exK4s,AFRICAN HOME: FAR FROM HOME,2024-06-19T16:48:22Z,2165294
eG0GY2exK4s,AFRICAN HOME: FAR FROM HOME,2024-06-19T16:48:22Z,2165294
Md4Axky-PRU,Indian Army Aur Aatankvadi Part - 3 | Gulli Bulli | Cartoon | granny | short | mummy | shortscomedy,2024-06-24T07:56:03Z,2164722
Pn18QPdhA-o,"REJECTED MATE (New Movie) Sonia Uche, Eso Dike, Bibi Sonye 2024 Nollywood Romcom Movie",2024-06-11T14:00:07Z,2162479
9uQgHaoW4dE,Curiocity WifeğŸ¥¶ Wait for the End ğŸ¤© #shorts #trending #short,2024-06-22T14:30:04Z,2083924
Kpi3D4NEOvo,ITCHY BED #bed,2024-06-22T22:00:11Z,2076630
MdS7PNndUgo,Oh my god captain ed has a daughter #movie #shortsviral #movie #viral,2024-06-20T15:23:00Z,2046280
uu4JLvdLaXQ,Always Respect Everyone. #motivation #lifelessons #motivationalspeech #mindset #respect  #shorts,2024-06-22T17:00:03Z,2044212
22evxXIsdlY,Girl powers ğŸ’ª Don't bully anyone! #chang0000 #chany #c4class #shorts #viin,2024-06-17T11:40:00Z,2006469
WatLhQDackY,The  string #comedy #soldier #militarypersonnel #funny #viral #film #art #army,2024-06-22T08:40:53Z,2004829
veVKZtfGwRc,Wait!! Why is there a Lion casually Strolling down the street ğŸ˜­ğŸ˜­ğŸ˜­ #shorts #viral #comedy,2024-06-21T17:27:48Z,1996915
VjM2rzzLKho,Mann Atisundar | 5 July 2024 | Full Episode 347 | Dangal TV,2024-07-05T14:30:13Z,1959582
9x1_2LVrZ-0,Homer's surgery operation #simpsons #shorts,2024-06-29T19:38:10Z,1959177
0N5t1y4_nNs,"EX AND WHY - SONIA UCHE, BRYAN OKWARA, PRECIOUS AKAEZE, THELMA CHUKWUNWEM 2024 FULL NIGERIAN MOVIE",2024-06-16T17:04:12Z,1950714
0N5t1y4_nNs,"EX AND WHY - SONIA UCHE, BRYAN OKWARA, PRECIOUS AKAEZE, THELMA CHUKWUNWEM 2024 FULL NIGERIAN MOVIE",2024-06-16T17:04:12Z,1950714
Wfdq4mqU1B0,Superman love storyğŸ¥ºâ¤ï¸part3#dc #trending #shorts,2024-06-30T16:15:19Z,1909154
few3pR5xsB8,He said he wanted Braids,2024-06-25T19:08:59Z,1894060
rDcCj14z8lo,"@arthur1_ofc â€”â€”Vcs gostam guando juthur posta piseiro, brega funk, Trend, dancinha? #funk #dueto #us",2024-06-06T16:20:36Z,1803329
sbRj54KpQQ4,"I WAS SILLY - RUTH KADIRI, TOOSWEET ANNAN, GENEVIEVE UKATU",2024-06-27T16:01:03Z,1803088
sbRj54KpQQ4,"I WAS SILLY - RUTH KADIRI, TOOSWEET ANNAN, GENEVIEVE UKATU",2024-06-27T16:01:03Z,1803088
kc_YIEYu1N4,I Invented A Robot YOU Can Hack,2024-07-04T15:04:19Z,1779078
Bdj4WSrmDHU,@luluperrieroficial â€”â€”Eu nÃ£o tenho culpa de ser tÃ£oâ€¦. @hytalosantos @eukamylinhasantos #shorts #usa,2024-06-19T00:38:02Z,1659008
mMGHcfLGtYE,Fall to eat #latest #funny #mumuskits #comedy #latestskit #memes,2024-06-27T17:21:02Z,1634626
FUnxe8Ym2Ps,MY INSIDE OUT BRAIN ğŸ§ ğŸŒˆ #bravegang #insideout,2024-07-04T21:04:28Z,1629188
HCu0PgZFT5s,Maggie cake decorating ideas #shorts #youtubeshorts #viral #shortvideo,2024-06-22T06:35:00Z,1617097
_uiYOt2YVgo,Our comfort foodğŸ˜‹â¤ï¸ #foodislife #foodie #couple #pregnancy,2024-05-10T22:00:27Z,1609039
_uiYOt2YVgo,Our comfort foodğŸ˜‹â¤ï¸ #foodislife #foodie #couple #pregnancy,2024-05-10T22:00:27Z,1609039
krU8lkWR6Ro,Bro didn't expect to face thisğŸ˜…ğŸ’€,2024-06-17T19:26:44Z,1606108
fOdSGR390gw,STRAW MAGIC TRICK! - POPPY PLAYTIME CHAPTER 3 | GH'S ANIMATION,2024-07-05T00:19:37Z,1577958
JkQwOJff1Tw,There was no recovering after that last line ğŸ˜¬ #WildNOut,2024-06-10T16:00:23Z,1562383
FbQPlJAHAag,Candy reveals the character! ğŸ¤©ğŸ­ #spongebobmemes #spongebob #challenge #comedy,2024-06-28T17:05:51Z,1531805
C9zqd6gKTpk,first class magic performance ever in American got talent auditions and bgt #magic #realitytvshow,2024-07-01T06:36:31Z,1501995
D5KTBZZhbiA,Ogechi (feat. Davido) (Remix),2024-06-25T10:01:48Z,1501645
xiQrSPOH-Kw,KHABYLAME Biggest Vibe Ever ğŸ˜‚ğŸ˜­ğŸ«¶ğŸ¼ #shorts,2024-06-20T21:22:35Z,1469700
sslgwzOGI14,Ogechi,2024-05-14T10:03:02Z,1466394
sslgwzOGI14,Ogechi,2024-05-14T10:03:02Z,1466394
u_fWvQ_xhiA,Angry Ronaldo Shot The Referee â˜ ï¸ğŸ”¥,2024-06-22T13:07:04Z,1463141
IotSQeS9R4I,"SLUM GIRL - SANDRA OKUNZUWA, EDDIE WATSON - 2024 Latest Nigerian MOVIE",2024-06-22T13:00:16Z,1449710
DDOravrd3bM,Carbonara ğŸ˜‹,2024-07-04T11:23:45Z,1446004
_fp-R2GxOsM,House,2024-07-04T19:00:30Z,1435566
w58VHZQuMXs,#music #amapiano #love #africa #dance #igboculture #africanmusic #comedy #igbo #funny,2024-05-18T14:09:20Z,1411324
e1XwomhT-zg,Fear Women ğŸ¤£ğŸ¤£ğŸ¤£ #comedy #sydiwundu #youtubeshorts #shorts,2024-06-06T17:05:03Z,1404407
BcRWEoDap9M,"A LOVE TO LAST, CHIOMA NWAOHA  , CHIDI DIKE LATEST NOLLYWOOD MOVIES 2024",2024-06-28T15:00:11Z,1390355
BcRWEoDap9M,"A LOVE TO LAST, CHIOMA NWAOHA  , CHIDI DIKE LATEST NOLLYWOOD MOVIES 2024",2024-06-28T15:00:11Z,1390355
JwYLIzDesdo,3 Interesting Facts You Missed In Inside Out 2......,2024-06-20T17:00:12Z,1390344
pi4QuLc5fOQ,Never back down Cobra fight. #short #shortvideo #subscribe #viral,2024-06-23T16:00:42Z,1388709
cgIA-XwGPQ0,3 Terrifying Facts You Probably Knew In Inside Out 2,2024-06-22T13:39:46Z,1383843
bP8-aOPOaRA,Habibi what are you waiting for? ğŸ˜ #africa #mozambique #charityekezie #travel,2024-06-20T19:32:16Z,1376839
9C1iMk2zvvw,Who can relate ğŸ¤§ğŸ˜…,2024-06-20T13:31:46Z,1370402
49qH4Oku1J8,Family Is Where There's Love. #motivation #lifelessons motivationalspeech #wisdom #mindset #family,2024-06-26T18:00:07Z,1345314
nwZX--Dy4x0,Lamar Roast Franklin IRL | GTA V,2024-06-22T17:04:45Z,1340568
YjITKAZu73M,EDDIE GRIFFIN DETAILS HOW MICHAEL JACKSON CLEVERLY BOUGHT THE BEATLES #vladtv,2024-06-24T17:04:27Z,1316686
hyenExVwsuw,AFRICAN HOME: UNEXPECTED PREGNANCY,2024-07-01T17:10:41Z,1287901
6S4rG_7Qt-g,"WHITE WINGS - ONYII ALEX, CLINTON JOSHUA, CHUKS CHYKE, NANA BOAMAH Latest 2024 Nigerian Movie",2024-06-23T17:00:01Z,1267255
6S4rG_7Qt-g,"WHITE WINGS - ONYII ALEX, CLINTON JOSHUA, CHUKS CHYKE, NANA BOAMAH Latest 2024 Nigerian Movie",2024-06-23T17:00:01Z,1267255
B1iLF7Zgg3g,"CHIBUCHI THE HUNTRESS -  LIZZY GOLD, MALEEK MILTON 2024 Latest Nigerian Nollywood Movie",2024-06-20T16:50:59Z,1264998
VBIcJojFKuQ,PICCOLO MEETS SAITAMA #shortsviral,2024-06-25T23:00:22Z,1254082
QglhoVz5ank,Bidemi Olaoba X Mercy Chinwo - Give Me Chance (Official Video),2024-06-07T13:00:08Z,1217378
n-hf0x8snFM,BULLY MAGUIRE DAP LORE #shorts,2024-07-01T21:57:47Z,1199065
A0wx-TI66us,Different Types of People when they have pimple ğŸ˜¹ #shorts,2024-06-24T19:47:24Z,1181238
bQVMemimEgY,Blind Cook Competes for MasterChef And Shocks Gordon Ramsay | Christine Ha | pt.2 |,2024-05-29T16:00:35Z,1179094
BKbQh4d70H8,When youâ€™re helping your mum in the kitchen and this sweet moment happens ğŸ˜†â¤ï¸ #shorts,2024-06-30T14:56:37Z,1172587
31O1wqX0BCA,"LOVE & DOUBT - MAURICE SAM, PEARL WATS 2024 FULL NIGERIAN MOVIE",2024-07-02T17:00:02Z,1161426
31O1wqX0BCA,"LOVE & DOUBT - MAURICE SAM, PEARL WATS 2024 FULL NIGERIAN MOVIE",2024-07-02T17:00:02Z,1161426
MzgDiCXIdig,Never Break These Rules In Other Countries,2024-07-05T16:01:18Z,1160056
u60Mqik4KMI,They canâ€™t keep secrets ğŸ˜©ğŸ˜© #funnyvideo #joke #comedy #laugh #funny #shorts Cr: @ninaandfam867,2024-06-30T02:17:08Z,1158586
u60Mqik4KMI,They canâ€™t keep secrets ğŸ˜©ğŸ˜© #funnyvideo #joke #comedy #laugh #funny #shorts Cr: @ninaandfam867,2024-06-30T02:17:08Z,1158586
v2GH4mxtnLs,This is beyond magic #americansgottalent #funny #magic #realitytvshow #talent,2024-06-27T21:11:49Z,1143939
fAgE823FyJs,Azanti x PsychoYP - Naija Funk (Official Music Video),2024-05-30T23:00:13Z,1141880
sqLAn2kZLgo,He created a Facebook page for her Godmother. #short #shortvideo #subscribe #viral,2024-06-26T17:00:42Z,1104446
dw87CKxBjiM,"BROTHER BERNARD - DESTINY ETIKO, FREDERICK LEONARD 2024 FULL NIGERIAN MOVIE",2024-06-28T16:00:38Z,1079472
l6LCVhP7its,LABARINA SEASON 9 EPISODE 9,2024-06-28T19:30:07Z,1077549
AgnuzBG6J8A,Brilliant pass & Bruno Fernandes goal!,2024-06-22T08:01:00Z,1077185
bBtvHt4_JLo,"MENTAL CASE - RUTH KADIRI, STEPHEN ODINGBE, FRANCESS NWABUNIKE, VICH VITALIS",2024-06-24T17:02:29Z,1061359
MR50VbWNhrg,"LIFE CAN DO WHATEVER HE WANTS (FULL NIGERIAN MOVIE ) - OKUSAGA ADEOLUWA, BOLAJI OGUNMOLA",2024-06-15T17:00:06Z,1041411
sVj7lBvpbt8,#pov you didnâ€™t expect bodyguard confess feelings after fake date to   #shortvideo  #shorts #short,2024-06-21T23:04:32Z,1039192
MaQkmA9k74k,"Hennessy Cypher 2024 - Didi B, Khaligraph Jones, Ladipoe, Maglera Doe Boy, Sarkodie, Young Lunya",2024-06-25T23:17:13Z,1038966
MaQkmA9k74k,"Hennessy Cypher 2024 - Didi B, Khaligraph Jones, Ladipoe, Maglera Doe Boy, Sarkodie, Young Lunya",2024-06-25T23:17:13Z,1038966
GamQt0jN-4A,THE NEW ANTHEM - BRAINJOTTER,2024-06-21T11:27:11Z,1035242
S3QCimcb9Io,#shorts #supermanedit #superman #funny #meme,2024-06-28T15:20:47Z,1005379
DfWaeefz4Uw,"DIY hollow block construction: a step-by-step guide. No machine needed. 9"" hollow block by hand",2024-06-24T20:00:44Z,1001514
sdOPdiuSuj8,Ã’lÃ²tÅ«rÃ©: The Journey | Official Trailer | Netflix,2024-06-04T09:00:00Z,1001078
L8wjz8FYx64,"Id Cabasa, Fireboy DML, Odumodublvck, feat. Boj and Joeboy - Olufunmi Reimagined (Official Video)",2024-05-23T23:00:11Z,979516
4CDbquVYf7w,#sameerabbasi500official #love #sanaya #4kstatus #love #song #trendingshorts,2024-06-26T16:59:56Z,966459
W0MHdKhK0fQ,IIT TOPPER à¤•à¥‹ à¤¦à¤¿à¤¯à¤¾ PHONE GIFTğŸ¥º | Ft. Alakh Pandey !! #shorts #viral #new #alakhpandey #physicswallah,2024-07-04T16:34:19Z,963788
YnksHHcFAoU,Intha dance epadi eruku ğŸ¤£ #shorts #shortvideo #shortsfeed #youtubeshorts #viral #trending #dance,2024-07-05T11:29:14Z,958911
mdAhwxUt5SY,"BOY TROUBLE - JEIEL DAMINA, MIKE AFOLARIN, EGO NWOSU, IVY AGBO, RITCHARD JOHNSON",2024-06-21T16:00:45Z,943820
SNake7U5EhI,Braces for buck teeth #braces #orthodontist #dentist #dental,2024-06-27T06:54:57Z,942610
SNake7U5EhI,Braces for buck teeth #braces #orthodontist #dentist #dental,2024-06-27T06:54:57Z,942610
16QZpDErVtA,"CHIBUCHI THE HUNTRESS 2 -  LIZZY GOLD, MALEEK MILTON 2024 Latest Nigerian Nollywood Movie",2024-06-23T15:00:01Z,926325
L4u5GcRGVZY,TYLA DANCEğŸ˜±ğŸ˜±!!!??? #tyladance #tyla #dance #tyladancetrend,2024-07-01T22:00:18Z,917306
nhOv6hsl7Wg,She taught him a good lesson #story #celebrity #shorts,2024-06-25T17:13:04Z,892741
Sie8FOH8wI8,Simi - Borrow Me Your Baby feat. Falz (Official Video),2024-06-21T17:00:08Z,890898
eLe8ju0xJyg,"what kind of magic is this, unbelievable and mind blowing #magic #americansgottalent #funny",2024-07-02T19:52:07Z,890133
YyaXobLKBX0,Kenny Flex x Don Jazzy - Familiar (Official Video),2024-06-20T13:52:49Z,880912
gF5GPrG9Z8E,Ronaldo Insane Free Kick vs Czech Republic ğŸ¤¯ğŸ”¥,2024-06-21T19:45:46Z,874344
vzVfI-1TTus,Catch the eels in the farm with bare hands,2024-06-26T01:13:32Z,865591
doDkWG-bZKw,How long would you last? #story #shorts #celebrity,2024-06-26T19:31:32Z,852422
V6K-_0Ui1f4,Superman love storyğŸ¥ºâ¤ï¸part2 #dc #marvel #trending #shorts,2024-06-23T11:18:41Z,848786
6kxZrVGf_iE,Making a Fully Functional Jet Engine using Soda can | diy Jet Engine,2024-06-16T15:10:17Z,848269
6kxZrVGf_iE,Making a Fully Functional Jet Engine using Soda can | diy Jet Engine,2024-06-16T15:10:17Z,848269
WfcUza35SWw,When you decide to play with a baby and this happens ğŸ˜­ğŸ˜‚ #shorts,2024-06-01T16:24:24Z,839688
1gzYp0bLYQA,"ë³€í¬ì¬&ê¹€ì¢…ëŒ€ ""ëŒ€í†µë ¹ ë¶€ë¶€ì˜ í˜ì˜ì ì´ ë„ˆë¬´ ì§™ì–´ì§€ê³  ìˆë‹¤!"" | í’€ë²„ì „",2024-07-05T08:04:44Z,835545
P7_8IqjRua8,Too broke for this trend ğŸ˜‚,2024-06-23T16:00:17Z,830477
8ftXP05hDDI,"Donâ€™t make things too complicated, brother, just bring a bottleğŸ¤²ğŸ¾.#learnfromkhaby  #comedy",2024-06-24T14:58:07Z,824484
5ZfX0N-d-60,"Moses Bliss - E Dey Flow [Official Video] x Neeja, Ajay Asika, Festizie, Chizie & Son Music",2024-06-28T13:00:08Z,822805
5ZfX0N-d-60,"Moses Bliss - E Dey Flow [Official Video] x Neeja, Ajay Asika, Festizie, Chizie & Son Music",2024-06-28T13:00:08Z,822805
pCdsGvzWH7c,"CHIBUCHI THE HUNTRESS 3 -  LIZZY GOLD, MALEEK MILTON 2024 Latest Nigerian Nollywood Movie",2024-06-25T16:30:10Z,810494
RP_qoQ1LRMc,Win the ball & assist vs Liverpool,2024-06-27T10:03:17Z,806142
Q6BOs1RtLno,Last Heartbreak Song,2024-05-30T23:04:50Z,803804
G4Z73S4snnw,Hadzabe tribe women use natural tools like stones to help in their bush lifestyle,2024-06-25T09:00:20Z,800214
ut3vtiaw8GQ,"WIFE MATERIAL (New Movie) Deza The Great, Shaznay Okawa 2024 Nollywood Romcom Movie",2024-06-30T15:00:59Z,797972
JHb4cOrmL9Q,JULIO FOOLIO ON PRACTICING HAITIAN VODOO RITUALS FOR PROTECTION #vladtv,2024-06-27T17:38:33Z,794795
V_kx1fAS1Yk,Did I get you this time? ğŸ˜†âŒ #brainteasers #spongebob #mindgames,2024-06-30T19:10:40Z,785429
bzNaL-q_x3U,Funny Fails - Try Not To Laugh #fail #funny #funnyvideo,2024-06-22T16:17:24Z,770575
xS2DmtDPB14,í•œêµ­ì‹ ë°”ìº‰ìŠ¤ì— ë¹ ì§„ ìš°ì¦ˆë²¡ ì•„ì €ì”¨ë“¤ - ì–´ëª½&ì˜¤ë¦¬ë½€(4),2024-07-05T11:39:28Z,767845
1LbXsPk3qYc,"For My Area 2 Yoruba Movie 2024 Drama Itele, Kola Ajeyemi, Sidi, Odun Adekola, Damilola Oni",2024-06-27T09:30:01Z,753896
DRIh0GxLmo0,EATING ICE CUBES ğŸ§Š??? #ice #icecube,2024-06-23T16:00:16Z,739421
GIIMo5w6ok0,Spiderman vs Supergirl Super Heist!ğŸ˜±ğŸ˜±ğŸ’¥#marvel #dc #trending #shorts,2024-06-29T12:07:01Z,735661
GIIMo5w6ok0,Spiderman vs Supergirl Super Heist!ğŸ˜±ğŸ˜±ğŸ’¥#marvel #dc #trending #shorts,2024-06-29T12:07:01Z,735661
bfsfkiO4Fr0,Ah ahğŸ˜³,2024-06-28T13:49:58Z,734657
cTmknfgAw98,â€˜Long live Palestineâ€™ says Indian MP as heâ€™s sworn into parliament | #AJshorts,2024-06-26T11:57:36Z,731009
tzTcnN81EYA,The Dog stopped and took the old man's letter to his boss. #short #shortvideo #subscribe #viral,2024-06-23T02:00:23Z,730022
tzTcnN81EYA,The Dog stopped and took the old man's letter to his boss. #short #shortvideo #subscribe #viral,2024-06-23T02:00:23Z,730022
88nyviQskZQ,How I got invited to CHIVIDO2024 || VLOG,2024-06-26T21:47:18Z,727554
3gAyjCkmvsI,GOHAN OBSERVES PICCOLOâ€™S DAP #shorts,2024-07-04T21:00:59Z,725539
YUnkU5ELN_0,ARM WRESTLE CHALLENGE IN ROBLOX! ğŸ’ª #shorts,2024-06-26T02:00:18Z,718049
Qp9gimcC4Jo,ğŸ“š Gemz Education ğŸ“š Crypto Terms You Need to Know! ğŸš€ | Part 1,2024-07-03T19:30:38Z,717722
vaYVPXzwk64,"Skiibii, Don Jazzy - Openbareta (Official Video)",2024-06-21T11:01:00Z,717423
idUL1TWIi7E,STREET BLUES - Nigerian Movies 2024 Latest Full Movies,2024-06-21T17:30:05Z,705963
KEdkS-DGRrs,Midwife Checkup ğŸ˜ Baby Boy Ultrasound in the Womb #pregnancy #fetus #subscribe,2024-06-25T15:56:16Z,699936
KEdkS-DGRrs,Midwife Checkup ğŸ˜ Baby Boy Ultrasound in the Womb #pregnancy #fetus #subscribe,2024-06-25T15:56:16Z,699936
llRgQBe3Hb4,"Benson Boone ""NEEDS TAYLOR SWIFT"" #bensonboone #wembley #erastour #taylorswift",2024-06-26T12:14:34Z,693617
PomL_e82ZHM,immersive portals is crazy,2024-07-04T18:00:20Z,688923
i6SmhHBs1jM,WHEN YOU MOM NEEDS HELP,2024-06-24T23:01:46Z,685845
VZ1AimFq_pE,ğŸ¥ºğŸ’”,2024-06-23T10:30:54Z,682125
GIn7mBaGun8,Workers on the 12th of September be like ğŸ˜­,2024-07-01T05:39:29Z,677973
GIn7mBaGun8,Workers on the 12th of September be like ğŸ˜­,2024-07-01T05:39:29Z,677973
QSJ8o2ZlpD0,Funniest fails (9)ğŸ˜³ğŸ˜±#shorts,2024-06-27T09:49:32Z,675916
EOpXSr_Q2fU,"IF THIS IS A DREAM (New Movie) Ebube Obio, Faith Duke, Christian Ochiagha New 2024 Movie.",2024-06-22T17:00:07Z,665692
e1xQtMXlRJg,ini Edo at Davido's wedding#nneamakanwokotv #chivido2024 #davidoswedding #davido,2024-06-25T22:13:16Z,660009
PRzVuQgxlbM,Detox Water For Weight LossğŸ˜ğŸ˜ #shorts #vlog #minivlog #viral #water,2024-07-04T15:48:02Z,659066
9lVEh47GS6E,in which group are u in boys ğŸ˜ or girls ğŸ¤© #dance #trending #tyla #shorts #short,2024-06-26T09:23:46Z,658399
lLpN5NIKk_k,Baby Kicking With Both Feet ğŸ¥° Lovely Mothers #pregnancy #fetus #share,2024-06-23T13:21:40Z,656226
wIy0vi7czQQ,ã€ğŸ¤™ã€‘æ¥½ã—ãæµ·å¤–æ—…è¡Œã«è¡Œã£ã¦ãã¾ã—ãŸï¼ï¼ï¼,2024-07-05T12:00:07Z,652087
U-rU-kpYPlQ,PORTUGAL X FRANÃ‡A AO VIVO - TRANSMISSÃƒO AO VIVO - EUROCOPA 2024 QUARTAS DE FINAL,2024-07-05T22:34:46Z,651923
zZgWYMxTN9c,Dice Ailes - Dicey Baba (Official Video),2024-06-28T13:00:06Z,648453
tw8bLVufOQQ,PAUVRE ET SANS COEUR- CHIDI DIKE ANNABEL APARA SCOT ROBERT SCOT,2024-06-28T16:11:00Z,642530
KVyPnMscbHo,The Dogs deliver newspaper to the neighborhood. #short #shortvideo #subscribe #viral,2024-06-22T16:10:00Z,635298
LmxiAiMvMN8,HIHA YANGHO ÄÆ¯á»¢C HIHA ALPHA DáºªN Äáº¾N LÃ€NG HIHA ÄA VÅ¨ TRá»¤ TRONG MINECRAFT*LÃ€NG HIHA AUT ğŸ¥°ğŸ˜,2024-07-05T11:00:07Z,635158
u7jM9d5E7lo,"FLAMES OF LOVE - CHIDI DIKE, JENNIFER EPHRAIM 2024 LATEST NIGERIAN MOVIES",2024-06-24T16:59:27Z,634716
PS9F0jmTQWI,ABATTOIR SEASON 5 || EPISODE TWO,2024-06-23T11:19:12Z,632993
ua0sU6K89aw,THIS DOG MADE A $10 MILLION DISCOVERY!,2024-06-26T16:34:41Z,629553
2oZvybgbnmo,End of Rishi Sunak Era | Will New UK Prime Minister Keir Starmer be India's Friend or Enemy?,2024-07-05T08:00:17Z,622884
Zb6pKpzIRzc,DAVIDO did this to meğŸ˜­ğŸ˜­ğŸ˜­ na why I no go the wedding #funny #lagosnigeria,2024-06-26T15:06:58Z,622243
Zb6pKpzIRzc,DAVIDO did this to meğŸ˜­ğŸ˜­ğŸ˜­ na why I no go the wedding #funny #lagosnigeria,2024-06-26T15:06:58Z,622243
y8g9gn-f4Aw,Only few can relate ğŸ’”ğŸ¥²ğŸ‡³ğŸ‡¬,2024-06-28T21:03:49Z,621196
q2Jj5pu8000,BABY ELEPHANT ETINOSA IDEMUDIA SAGA ADEOLU EMEKA DARLINGTON 2024 NOLLYWOOD NIGERIA FULL MOVIE,2024-06-18T15:21:55Z,614393
snOm1FrJxoM,å¥³ç‰¹å·¥é›»å½±ï¼æ—¥è»æ¬ºè² å¬Œè‰·ç¾å¥³ï¼Œç‰¹å·¥100ç±³å¤–çˆ†é ­æ—¥è»ï¼âš”ï¸ æŠ—æ—¥ MMA | Kung Fu #action  #å¥³ç‰¹å·¥é›»å½± #æ§æˆ° #å‹•ä½œé›»å½±,2024-06-22T10:00:06Z,610617
LGuOvV2P6NM,The Boat Cruise ğŸ˜‚ğŸ”¥,2024-06-20T19:49:34Z,608507
kCyJP_xQgjY,DJ CHICKEN ON CURIOSITY MADE ME ASK!,2024-06-29T17:00:29Z,603486
n7894aGx1g8,GIDAN SARAUTA SEASON 2 EPISODE 12,2024-06-29T19:30:06Z,602384
JSt0y0HUi1s,"EXECUTIVE MAIDS - Chioma Nwaoha, Faith Duke, Oby Etuk, Chioma Oby-Yomi latest 2024 nigerian movie",2024-06-26T17:01:06Z,594337
sWsbdUF8kR8,CONJOINED TWINS (NEW MOVIE )YUL EDOCHIE-STEPHANIE EKWU-CHIZOBA NWOKOYE-LATEST NIGERIAN MOVIE 2024,2024-06-21T12:59:43Z,591290
pKbjAt7lyXc,YOU ARE YOU | NATHANIEL BASSEY | #nathanielbassey #youareyou #hallelujahchallenge,2024-06-21T17:00:08Z,582759
pKbjAt7lyXc,YOU ARE YOU | NATHANIEL BASSEY | #nathanielbassey #youareyou #hallelujahchallenge,2024-06-21T17:00:08Z,582759
pKbjAt7lyXc,YOU ARE YOU | NATHANIEL BASSEY | #nathanielbassey #youareyou #hallelujahchallenge,2024-06-21T17:00:08Z,582759
qd4HHDmObP0,"ESTOS SON LOS NÃšMEROS DE LARA CAMPOS: CUÃNTO MIDE, A QUÃ‰ HORA SE DURME Y MÃS... #shorts",2024-07-04T18:30:42Z,581180
WxW8EjCUi50,They learn to appreciate the moment#shorts,2024-06-30T15:00:26Z,577770
ZFLjk_fj79o,WALK WITH US (Short)- JOHNNIE WALKER x THIS IS US,2024-06-27T12:48:54Z,573713
zOa0aWj0gdQ,Gopi ne kiya Paridhi ka à¤ªà¥€à¤›à¤¾! | Saath Nibhana Saathiya,2024-07-04T17:25:00Z,562121
_x7jbqRzv_4,Pet Adoption,2024-06-28T14:18:56Z,552426
cGfQde4OyEQ,juice hole,2024-06-26T05:39:34Z,552321
6_fWif2e0rc,Ohh noooğŸ’€....,2024-06-23T11:13:38Z,540548
KdtJDXHeBL4,Visa on Arrival S3 : CALL ME SIR! (Episode 1),2023-07-07T15:00:10Z,536181
R71w1TN0VPc,Sleeping grandparents house !! ğŸ˜‚ğŸ˜‚,2024-07-04T11:53:19Z,535668
MqdkF3n3GB8,Davido gifts Chioma a brand new SUV as wedding Gift #davido #wedding #shorts,2024-06-25T16:17:47Z,535367
gumEMt2jrQ4,When you tell a joke in class,2024-06-29T22:09:59Z,535092
0r5_vTMSEYY,Wave,2024-06-20T21:03:36Z,533745
hqhzIm2pD8c,JULY SPECIAL NEW MONTH PROPHETIC PRAYERS || NSPPD || 1ST JULY 2024,2024-07-01T08:04:55Z,527294
sTC4BbV2ukY,Gummy bears are chasing me!(Penguin Edition)ğŸ»#ai #chatgpt #aiart,2024-06-28T02:06:13Z,523181
-cVw__XIuIc,Freddy Fazbear Vs Goku Part 3,2024-06-20T20:30:00Z,521369
3gQmuy2gzkg,My Fan Boy Moment #teamindia #viratkohli #rohitsharma #lakhneet,2024-07-04T16:54:07Z,516735
yLBat7Tk4mE,"Hit him again, Mama Rhodes! ğŸ‘‹ğŸ’¥ #WWECastle",2024-06-15T18:47:46Z,512119
yti8baGlkpE,Falz ft Adekunle Gold - WHO GO PAY (VISUALIZER),2024-06-08T13:58:21Z,511711
eJHolS7udGY,"Are'ka Yoruba Movie 2024 Drama - Apa, Tosin Olaniyan, Ronke Odusanya, Teemoney, Adekunle Azeez,Ajara",2024-06-25T10:00:41Z,510586
Zl27r7v_RK4,Episode 67 pop the ballon to eject least attractive guy on the show,2024-06-22T16:59:28Z,510396
Zl27r7v_RK4,Episode 67 pop the ballon to eject least attractive guy on the show,2024-06-22T16:59:28Z,510396
8V4lBv-a6Y0,This is how it's meant to be doneğŸ˜… @samzreacts,2024-07-05T13:30:18Z,509226
nVw3YTrBNog,Episode 68  Pop the ballon to eject least attractive guy on the Huntgame show,2024-06-26T17:00:07Z,508321
R-y2g_zAG0A,LIVE à¤¶à¤¨à¤¿à¤µà¤¾à¤° à¤¸à¥à¤ªà¥‡à¤¶à¤² : à¤µà¤¿à¤·à¥à¤£à¥ à¤®à¤‚à¤¤à¥à¤° - Vishnu Mantra à¤¶à¥à¤°à¥€à¤®à¤¨ à¤¨à¤¾à¤°à¤¾à¤¯à¤£ à¤¹à¤°à¤¿ à¤¹à¤°à¤¿ |Shriman Narayan Hari,2024-07-03T21:24:05Z,498273
oZaKLclFoY8,Spiderman and Superman battle field heroes ğŸ’¥ğŸ¥ºğŸ˜±#marvel #dc #shorts,2024-06-22T13:42:05Z,495042
JDR4IiV7H3o,No one can take from him #steal #shorts #trend,2024-06-26T15:36:46Z,494919
-7gE6sJdXag,MAMA'S BOY 2 In Roblox BrookhavenğŸ˜ğŸ¤ğŸ¶ #roblox #robloxbrookhaven #brookhaven,2024-06-24T13:00:00Z,491857
tjTf4cWo7bE,JULY SPECIAL NEW MONTH PROPHETIC PRAYERS - DAY 2 || NSPPD || 2ND JULY 2024,2024-07-02T07:56:33Z,488529
vsmMdSwXum8,JULY SPECIAL NEW MONTH PROPHETIC PRAYERS - DAY 3 [OH LORD SHOW ME MERCY] || NSPPD || 3RD JULY 2024,2024-07-03T08:01:32Z,478981
UuqlfxFHPGo,æ—¥å¸¸ã«æ½œã‚€å«Œãªã“ã¨ã‚ã‚‹ã‚ã‚‹ #Plottã‚¢ãƒ‹ãƒ¡ #ãƒ•ãƒ©ã‚°ã¡ã‚ƒã‚“,2024-07-04T09:00:23Z,471522
bI-w0EED6VY,THRONE ROOM VERDICT || NSPPD || 4TH JULY 2024,2024-07-04T08:01:57Z,469608
Rz-FwUEu0d4,ABATTOIR SEASON 5 || EPISODE THREE,2024-06-30T12:44:09Z,469326
rH1QmjMW0rw,Crispy Juicy Tender ğŸ˜³ (Animation Meme) #shorts,2024-07-05T20:00:19Z,466174
UCdD32HNF9o,The Gospel Of Nollywood Featuring Kanayo 'O' Kanayo | The Honest Bunch Podcast S05EP18,2024-06-24T17:00:07Z,458153
UCdD32HNF9o,The Gospel Of Nollywood Featuring Kanayo 'O' Kanayo | The Honest Bunch Podcast S05EP18,2024-06-24T17:00:07Z,458153
f9dHuZ3cGVY,Episode 69 (smash or pass) to find love on the Huntgame show,2024-06-29T16:59:11Z,457956
tlv4YKjZQ3w,David and Chioma are Honeymoon ready ğŸ”¥ğŸ”¥#chivido2024 #pulseshorts #davidowedding,2024-06-27T12:02:06Z,453712
tlv4YKjZQ3w,David and Chioma are Honeymoon ready ğŸ”¥ğŸ”¥#chivido2024 #pulseshorts #davidowedding,2024-06-27T12:02:06Z,453712
1Ey5HgLW5LQ,HE HAS THE MOST CONFUSING NAME!,2024-06-30T03:27:12Z,453489
fKNWBg1_h5Y,Not sure what the new title will be. But the baby will try Tru fru one day. #momof9 #grandbaby,2024-06-27T13:12:12Z,452356
fKNWBg1_h5Y,Not sure what the new title will be. But the baby will try Tru fru one day. #momof9 #grandbaby,2024-06-27T13:12:12Z,452356
VMlevi3n4jA,Bhartiye à¤®à¥‚à¤² à¤•à¥‡ à¤ªà¥à¤°à¤¥à¤® à¤¬à¥à¤°à¤¿à¤Ÿà¤¿à¤¶ à¤ªà¥à¤°à¤§à¤¾à¤¨à¤®à¤‚à¤¤à¥à¤°à¥€ RISHI SUNAK à¤šà¥à¤¨à¤¾à¤µ à¤®à¥‡à¤‚ à¤¹à¤¾à¤°à¥‡...by Ankit Avasthi Sir,2024-07-05T07:45:08Z,447456
-ZOCD6neRWI,Guess The French Player = Win $100,2024-06-28T14:00:00Z,446133
kYxAsyov4FU,A Date With Boss || Season 2 || Episode - 3 || Ravi Siva Teja || Viraajitha || Infinitum Media,2024-07-05T12:08:32Z,445390
c9uyOiGTBMU,MrBeast Chooses Kendrick Lamar Or Drake,2024-07-04T22:48:25Z,445108
c9uyOiGTBMU,MrBeast Chooses Kendrick Lamar Or Drake,2024-07-04T22:48:25Z,445108
OdL3r315kXY,guess who showed up!?ğŸ¤£,2024-06-26T21:42:01Z,443934
GQvYlbwClfo,UEFA EURO 2024 Round of 16 - France vs Belgium 1-0 Extended Highlights | SportyTV,2024-07-01T18:23:41Z,439490
GQvYlbwClfo,UEFA EURO 2024 Round of 16 - France vs Belgium 1-0 Extended Highlights | SportyTV,2024-07-01T18:23:41Z,439490
D9q6D7EomAA,These iPad and Genz kids are way smarter than I thought ğŸ˜³ğŸ˜³cr:@cocoAva283,2024-06-27T14:35:15Z,439307
O99w7tFnQRI,"Great Adamz x Erigga x Crae Wolf - ""Kilon So"" | Official Video",2024-06-21T03:38:23Z,434408
QGD8wpFaOOU,A brother calls ğŸ¤§ #jokes #comedy #foryou #shorts,2024-07-03T19:20:01Z,432131
BF-YyBAPrdo,THRONE ROOM VERDICT - 2 || NSPPD || 5TH JULY 2024,2024-07-05T08:04:04Z,428547
izJP3mn-ptU,Portugal vs Slovenia PENALTY SHOOTOUT (3-0) | EURO 2024.,2024-07-01T21:56:00Z,428134
kvtKo4-lsIA,AMIRA (NEW MOVIE) CHIZOBA NWOKOYE/SHARON IFEDI 2024 LATEST NIGERIAN NOLLYWOOD MOVIE,2024-06-27T11:01:13Z,425860
kvtKo4-lsIA,AMIRA (NEW MOVIE) CHIZOBA NWOKOYE/SHARON IFEDI 2024 LATEST NIGERIAN NOLLYWOOD MOVIE,2024-06-27T11:01:13Z,425860
FPsDfS86-0w,Itâ€™s broken?ğŸ˜°Rate my stretching 1-10ğŸ”¥ğŸ¤¯,2024-07-04T11:38:45Z,422021
RSIXUfY3f7g,I can COUNT 1 to 30 in 1 second ğŸ¤¯ğŸ’¯ğŸ”¥ #shorts #mindgames #eyetest #viral #pov #edit,2024-06-25T01:13:50Z,416906
V6ZdsdWtwRw,That moment of picking up your phone when it falls be like ğŸ˜®â€ğŸ’¨ğŸ˜‚ #shorts,2024-06-28T17:19:13Z,416244
V6ZdsdWtwRw,That moment of picking up your phone when it falls be like ğŸ˜®â€ğŸ’¨ğŸ˜‚ #shorts,2024-06-28T17:19:13Z,416244
PSKjJ5Narvc,Chioma's Sister Jennifer Is so beautiful ğŸ”¥ğŸ˜‚ğŸ”¥#chivido2024 #pulseshorts #davidowedding,2024-06-25T19:35:25Z,416028
fy3szdZDIgU,Harmful Cultural Practices ; A Victim's Story Feat. Kelly Kosi | The Honest Bunch Podcast S05EP19,2024-07-01T17:00:07Z,415117
ECLFEwHh5ko,Lagu Band Barat Terpopuler Pilihan Terbaik / Kumpulan Lagu Enak Didengar / Lagu Santai Buat Kerja,2024-06-18T22:00:11Z,406560
r4W5Krxxj3I,ğ™ğ™šğ™¡ğ™–ğ™­ğ™ğ™£ğ™œ ğ™ğ™ ğ™ğ™£ğ™˜ğ™–ğ™§ğ™š ğ™ğ™¤ğ™ªğ™©ğ™ğ™£ğ™š ğ˜¾ğ™¡ğ™šğ™–ğ™£ğ™¨ğ™ğ™£ğ™œ ğ™›ğ™¤ğ™§ ğ™– ğ™‹ğ™šğ™–ğ™˜ğ™šğ™›ğ™ªğ™¡ ğ™ˆğ™ğ™£ğ™™ #40473,2024-07-04T22:00:37Z,406407
r4W5Krxxj3I,ğ™ğ™šğ™¡ğ™–ğ™­ğ™ğ™£ğ™œ ğ™ğ™ ğ™ğ™£ğ™˜ğ™–ğ™§ğ™š ğ™ğ™¤ğ™ªğ™©ğ™ğ™£ğ™š ğ˜¾ğ™¡ğ™šğ™–ğ™£ğ™¨ğ™ğ™£ğ™œ ğ™›ğ™¤ğ™§ ğ™– ğ™‹ğ™šğ™–ğ™˜ğ™šğ™›ğ™ªğ™¡ ğ™ˆğ™ğ™£ğ™™ #40473,2024-07-04T22:00:37Z,406407
jZa6BtzdgZs,Messi's son scores another hat-trick ğŸ˜¯,2024-05-27T08:20:29Z,402375
Bl675Q8LX6U,Davido's Bond With His Uncle Is So Good To See ğŸ”¥ğŸ˜‚ğŸ”¥#chivido2024 #pulseshorts #davidowedding,2024-06-25T23:42:41Z,401796
m8nGDaro-ig,"Libido Latest Yoruba Movie 2024 Drama |Wunmi Ajiboye,Gabriel Afolayan,Zainab Bakare,Damola Olatunji",2024-06-30T11:30:19Z,400435
2Ye9hQq2Xtk,"THE LAST TERM - ADAEZE ONUIGBO, JOHNSON IBEH, AFES MIKE, QUEEN ENEBECHI, MAURICE MICHEAL | Nigerian",2024-06-28T16:00:05Z,396357
2Ye9hQq2Xtk,"THE LAST TERM - ADAEZE ONUIGBO, JOHNSON IBEH, AFES MIKE, QUEEN ENEBECHI, MAURICE MICHEAL | Nigerian",2024-06-28T16:00:05Z,396357
rjkygQVxp2c,"Queen Of The Zanga 2 -Yoruba Movie 2024 Drama Peju Ogunmola,Yinka Solomon,Feranmi Oyalowo,JamiuAzeez",2024-06-29T09:30:30Z,391485
OA_RYsOhjkE,JUNE 2024 MIRACLE SERVICE WITH APOSTLE JOSHUA SELMAN -  30 || 06 || 2024,2024-06-30T21:16:58Z,388780
xxM84-ZbCT4,"DRIVING MR. BANKS - STAN NZE, CHY NWAKANMA, OMECHE OKO - 2024 Latest Full Movie",2024-06-28T14:50:13Z,388086
xxM84-ZbCT4,"DRIVING MR. BANKS - STAN NZE, CHY NWAKANMA, OMECHE OKO - 2024 Latest Full Movie",2024-06-28T14:50:13Z,388086
RUSwVh__Ew8,Women #temper #shorts #trend,2024-07-02T09:45:37Z,387151
RUSwVh__Ew8,Women #temper #shorts #trend,2024-07-02T09:45:37Z,387151
BW3bIg5cgBw,ABOBI EPISODE 9 - JAGABAN SQUAD (FAMILY WAR),2024-06-22T21:20:42Z,383651
ZAsqygsMSAA,A long time coming for Thierry Henry â¤ï¸,2024-06-26T10:25:36Z,379460
n8J-6kTVOwA,"Ronaldo, Messi, Modric, Benzema, Pele & Maradona at the Ballon d'or #shorts",2024-06-23T11:00:39Z,376450
IQnjCW1LiX0,"3 BIG RATS (Yawaskits - Episode 258) Kalistus, Philo, Solution",2024-06-21T18:41:05Z,376200
4iZeODV_Kvo,à°šà°‚à°¦à±à°°à°¬à°¾à°¬à±à°•à± à°µà±ˆà°à°¸à± à°œà°—à°¨à± à°µà°¾à°°à±à°¨à°¿à°‚à°—à±... #ysjagan #YSJaganNelloreTour #sakshitvlive,2024-07-04T10:30:01Z,365337
xL4dG_9IYB8,With Love And Fried Chicken - MSA Mini Movie,2024-07-05T22:00:07Z,363969
Har5CkF-C5A,Funniest moment ğŸ˜±ğŸ¤£#shorts,2024-07-01T09:37:56Z,363409
bk8C-X-IMmo,BEST IN TOWN | Brodashaggi | Bisola Aiyeola | Alexx Ekubo | Didi EkanemÂ | AlhajiÂ Suberu,2024-06-21T19:00:16Z,359006
fy733UGHEP8,"MEN IN LOVE (Yawaskits - Episode 259) Kalistus, Philo, Solution",2024-06-28T16:01:48Z,356365
fy733UGHEP8,"MEN IN LOVE (Yawaskits - Episode 259) Kalistus, Philo, Solution",2024-06-28T16:01:48Z,356365
HZWa0IacX94,Very importantâœï¸,2024-06-30T09:36:23Z,354013
HZWa0IacX94,Very importantâœï¸,2024-06-30T09:36:23Z,354013
6Gtga3rdAVM,"UTONWA COMPLETE -KENECHUKWU EZE,UGEGBE AJAELO,DARLINGTON CHIBUIKE,UGEZU.J.UGEZU latest 2024 movie",2024-06-25T16:00:05Z,353535
qN-Zt42gGgA,Crowd Roars at Bill Maherâ€™s Warning for the U.S.,2024-07-04T00:15:02Z,352782
C5PARu7j35M,Guess the right country and win cash game pt1,2024-06-28T09:49:21Z,352048
lpx8UkcO784,LEARN THE TYLA DANCE WITH ANGEL NEBO - @angelnebo1 #tutorial #dance #tyladance,2024-06-24T20:57:09Z,349731
_gn6HOU3VrA,My bestie ğŸ˜‚ğŸ˜‚@Mryouung #comedy #markanglecomedy #africancomedy #funny #mrmacaroni #mrfunny,2024-06-24T01:01:21Z,348352
hW-NIMkoapc,"HEART TUNES - CHIDI DIKEH, ERONINI OSINACHI, ANGEL NWIGWE- LATEST 2024 NOLLYWOOD MOVIE",2024-06-20T14:12:23Z,345496
Q-TwHP441UI,Why did Gogeta never use Super Saiyan God?!,2024-06-29T16:00:17Z,341662
h4ATAx5KpW0,LABARINA SEASON 9 EPISODE 10 KADAN DAGA NA RANAR JUMAâ€™A,2024-07-03T19:00:07Z,341399
h4ATAx5KpW0,LABARINA SEASON 9 EPISODE 10 KADAN DAGA NA RANAR JUMAâ€™A,2024-07-03T19:00:07Z,341399
JzpQSIWEwWI,Phrase That Starts With HAPPY?! Needs 150 Points! #shorts #fastmoney #survey #question #game #points,2024-07-04T16:38:21Z,339261
0o-6pTyv9ug,THE MAID - 2024 latest Nigerian movie -  CHINONSO ARUBAYI - DANIEL ROCKY - SONITA FRED,2024-06-27T15:15:00Z,336418
RoTKZiMeMS0,"Eepa Yoruba Movie 2024 Drama Habeeb Alagbe, Lola Idije, Tope Aremu, Bimbo Adebayo, Rotimi Salami",2024-06-30T11:00:18Z,336321
_X39_CEwWLU,JAE5 - Normally (Official Video) ft. NSG,2024-06-19T18:00:16Z,335954
JI59Liys7-I,Uncle Fred helps him get scientifically disrespectfulâ€¦ğŸ’€ğŸ˜‚ #comedy ï¿¼ï¿¼,2024-07-05T13:00:17Z,335121
JI59Liys7-I,Uncle Fred helps him get scientifically disrespectfulâ€¦ğŸ’€ğŸ˜‚ #comedy ï¿¼ï¿¼,2024-07-05T13:00:17Z,335121
U8dZOAV4L4g,"Oladoja Yoruba Movie 2024 Drama Tosin Olaniyan, Apa, Atoribewu, Adeyinka Adegbite, Basira Beere",2024-06-27T10:00:34Z,332876
zO8iGaA21JQ,SUBSCRIBE FOR MORE #shorts,2024-07-02T20:53:11Z,327411
zO8iGaA21JQ,SUBSCRIBE FOR MORE #shorts,2024-07-02T20:53:11Z,327411
cQB9pduEK0w,Chike Performs For Davido and Chioma's First Dance ğŸ”¥ğŸ”¥#chivido2024 #pulseshorts #davidowedding,2024-06-25T19:48:07Z,327289
e0_ECNmOZ_g,3 Devastating Facts You Missed In Inside Out 2.....,2024-06-26T17:00:25Z,327150
A1lJ0DNDjN4,OSUNFUNKE  Latest Yoruba Movie 2024 | Zainab Bakare | Adebukola Salawu | Omo Banke | Bukola Olatunji,2024-06-30T13:00:08Z,324414
JXf9NK6ncOA,NÃ£o entendi nada #dance #brasil #shortsviral #humor #shortvideos #shorts #dancinha #viralvideos,2024-06-27T15:14:47Z,323036
yLGlclnGJBo,"MOMENT OF TRUTH | ANGEL UNIGWE, EMMANUEL NSE, ILANA ALLY, ENITAN OLUWOLE 2024 LATEST NIGERIAN MOVIE",2024-07-03T16:00:57Z,320951
yLGlclnGJBo,"MOMENT OF TRUTH | ANGEL UNIGWE, EMMANUEL NSE, ILANA ALLY, ENITAN OLUWOLE 2024 LATEST NIGERIAN MOVIE",2024-07-03T16:00:57Z,320951
yLGlclnGJBo,"MOMENT OF TRUTH | ANGEL UNIGWE, EMMANUEL NSE, ILANA ALLY, ENITAN OLUWOLE 2024 LATEST NIGERIAN MOVIE",2024-07-03T16:00:57Z,320951
p_BQ-HrbE4I,The king of disrespect ğŸ˜‚ğŸ˜‚ğŸ’ªğŸ¼ #ytshorts #comedy #funny #shorts,2024-06-24T15:30:19Z,320046
pI-iMpdthFU,"ĞšĞ°Ğ±Ğ°Ğ½ Ğ¸ Ğ“Ğ²Ğ¾Ğ·Ğ´ÑŒ, Ğ¸ÑÑ‚Ğ¾Ñ€Ğ¸Ñ Ğ¿Ñ€Ğ¾ Ñ…ÑƒĞ»Ğ¸Ğ³Ğ°Ğ½Ğ¾Ğ² Ğ² Ğ Ğ¾Ğ±Ğ»Ğ¾ĞºÑĞµ",2024-07-05T11:01:00Z,317311
Cf8QxudmSa4,Mom Enlists Sons Help For A â€œJobâ€,2024-07-05T17:00:13Z,317228
c3N0mj8w8b0,A Son's Love for His Mother. #motivation #lifelessons #motivationalspeech #mindset #wisdom #family,2024-06-30T16:59:54Z,316996
QCMl2smKHeE,HEALING ENERGY BTS- #clintonjoshua #nigerianmovies #foryou #trending #africamovies #fyp #love,2024-05-30T18:58:28Z,316449
b8muKsLgN3U,"The Intruder Yoruba Movie 2024 Drama Wunmi Toriola, Mide Abiodun, Femi Adebayo, Abayomi Jimoh",2024-07-03T10:00:38Z,316291
x2Z1pFPnJTI,Qdot - AMERICA (Official Video),2024-06-25T17:00:43Z,314768
x2Z1pFPnJTI,Qdot - AMERICA (Official Video),2024-06-25T17:00:43Z,314768
aONZmj9rKt8,Ton sacâ€¦ğŸ¥² #shorts #sac #drole #funny #sushi #manger #nourriture #qc #montreal,2024-07-05T16:33:18Z,314295
4qdkMTsKpsk,3 Insane Facts You Might Have Ignored In Inside Out 2....,2024-06-26T11:00:11Z,309476
bd75adhzY2s,Aadivaaram with Star Maa Parivaaram Star wars - Promo | Bonalu Special | StarMaa,2024-07-05T15:06:35Z,308975
Hus7YWiQuEw,pop like this pt 2(slowed) @Tylaofficial#shortsvideo #edit #tiktok #dance #fakebody #ytshorts,2024-06-22T10:42:15Z,308213
H_dXXQpJyTA,A BRABAAA ğŸ¥° #fivem   #gtarp #shorts #fugagta #gtav #fugas #gta5 #fivemrp #gtarp,2024-06-28T15:00:17Z,307983
yt9hcQLYjHk,puff puff in the building,2024-06-28T07:44:30Z,307467
hajyvuFv5q4,POV: Youâ€™re a USA fan who wakes up from a coma ğŸ‡ºğŸ‡¸âš½ï¸,2024-06-28T23:13:02Z,304533
4oIKbypexXk,ğ•„ğ•¦ğ•ğ•“ğ•’ğ•š cha ğ‘ğ€ğ‰ğ€! ğŸ‡®ğŸ‡³ğŸ†#MumbaiMeriJaan #MumbaiIndians,2024-07-04T14:55:22Z,304207
vxZr339dn0A,If you can relate ğŸ™‹ğŸ¾â€â™‚ï¸ğŸ™‹ğŸ½ğŸ™‹ğŸ½â€â™€ï¸ğŸ¤£Shegz Mighty,2024-06-21T18:04:25Z,303259
vxZr339dn0A,If you can relate ğŸ™‹ğŸ¾â€â™‚ï¸ğŸ™‹ğŸ½ğŸ™‹ğŸ½â€â™€ï¸ğŸ¤£Shegz Mighty,2024-06-21T18:04:25Z,303259
uxXL1yuWFGQ,Not stitch braids and especially not this texture b.  #hairshorts #lifestyle #ytshorts #hairtutorial,2024-06-25T19:46:29Z,302982
pYLTtAiTkjo,Les deux prÃ©sidents le capitaine Ibrahim TraorÃ© et le colonel assimi goÃ¯ta mali Burkina Faso,2024-06-28T19:20:38Z,302950
K7MMdOtI56s,ğŸ¥°3 Lovely Things You Might Have Noticed In Inside Out 2....,2024-06-29T15:00:24Z,302754
zPcrnD7Jcng,"HADIZA GABON: ""Gidan Isah, Gidan Yari, Gidan G-Fresh... Wane gida ne next ga Sadiya Haruna?",2024-06-27T19:00:07Z,302416
zPcrnD7Jcng,"HADIZA GABON: ""Gidan Isah, Gidan Yari, Gidan G-Fresh... Wane gida ne next ga Sadiya Haruna?",2024-06-27T19:00:07Z,302416
RcOm50QAJBc,"Queen Of The Zanga 3- Yoruba Movie 2024 Drama Peju Ogunmola,Yinka Solomon,Feranmi Oyalowo,JamiuAzeez",2024-07-02T09:30:14Z,302172
RcOm50QAJBc,"Queen Of The Zanga 3- Yoruba Movie 2024 Drama Peju Ogunmola,Yinka Solomon,Feranmi Oyalowo,JamiuAzeez",2024-07-02T09:30:14Z,302172
8MsCPnqfbUc,"Victony - Ba$tard, Don't Be Silly (Official Visualizer)",2024-06-22T15:59:49Z,300691
xomWgKtGgQ0,We bow - Evans Ighodalo,2023-09-16T13:00:09Z,299014
qmNuhig3Eu4,"July 2, 2024 | Finally Roman Reigns returns and performs a brutal attack on Solo sikoa",2024-07-02T06:09:54Z,289651
qmNuhig3Eu4,"July 2, 2024 | Finally Roman Reigns returns and performs a brutal attack on Solo sikoa",2024-07-02T06:09:54Z,289651
RC1CXqFI1hw,DESPICABLE ME 4: FULL MOVIE BREAKDOWN! (SPOILER ALERT) ğŸ¬ğŸš¨,2024-07-01T10:15:02Z,288419
FJmoVFUjs1k,Chioma and David Look So Regal ğŸ”¥ğŸ˜‚ğŸ”¥#chivido2024 #pulseshorts #davidowedding,2024-06-25T17:19:41Z,285401
jv1G4DxUCcU,"LIFE HAPPENS - Uche Montana, Roxy Antak, Jimmy Odukoya Nigerian Movies 2024 Latest Full Movies",2024-07-03T16:25:18Z,283427
jv1G4DxUCcU,"LIFE HAPPENS - Uche Montana, Roxy Antak, Jimmy Odukoya Nigerian Movies 2024 Latest Full Movies",2024-07-03T16:25:18Z,283427
jv1G4DxUCcU,"LIFE HAPPENS - Uche Montana, Roxy Antak, Jimmy Odukoya Nigerian Movies 2024 Latest Full Movies",2024-07-03T16:25:18Z,283427
eiSB7BvjUV4,ğŸ—¿ğŸ—¿Ermm I donâ€™t have anything to say right now,2024-06-21T21:57:00Z,282703
eiSB7BvjUV4,ğŸ—¿ğŸ—¿Ermm I donâ€™t have anything to say right now,2024-06-21T21:57:00Z,282703
F9OdwxJt54k,MAKE HOMES AFFORDABLE AGAIN,2024-07-04T23:00:07Z,282204
J-7uf0z8pjI,"HUSBAND FOR HIRE - FULL LATEST NIGERIAN MOVIE 2024 SANDRA OKUNZUWA, ETINOSA IDEMUDIA, NOSA REX",2024-07-03T15:00:16Z,280708
24EmtFR6pWM,"Unexpected R0mance - Nollywood Movie starring Bimbo Ademoye, Eso Dike, Omeche Oko",2024-06-28T16:59:53Z,280583
5OD5xZHd-3k,Spiderman vs Superman!ğŸ˜±ğŸ˜±ğŸ’¥ğŸ¥º(revenge for dad ğŸ¥º)#marvel #dc #shorts,2024-06-28T06:34:20Z,280348
Y9kwgq3METU,Try Not To Laugh Challenge 229,2024-06-28T12:00:30Z,279750
Y9kwgq3METU,Try Not To Laugh Challenge 229,2024-06-28T12:00:30Z,279750
wWkrEih5XGg,How to make your mom allow you eat dessert ğŸ§ before lunch ğŸ˜³ğŸ˜³cr:@ongsquad,2024-06-29T14:02:20Z,279734
wWkrEih5XGg,How to make your mom allow you eat dessert ğŸ§ before lunch ğŸ˜³ğŸ˜³cr:@ongsquad,2024-06-29T14:02:20Z,279734
CPhUwMgksN4,Ibrahim TraorÃ© burkina faso ğŸ’ªğŸ‡§ğŸ‡« #africa #military,2024-06-29T09:17:35Z,277832
m3eduotDSG4,PERFECT MAID 2 Latest Yoruba Movie 2024 COMEDY | Remi Surutu | Yomi Fash | Brother Jacob | Kemity,2024-07-03T13:00:52Z,276527
0Eze9xq1zrM,#shorts,2024-06-28T15:57:49Z,275200
-WX8i78lmCg,"SECRET CRUSH - ANGEL UNIGWE, MICHAEL DAPPA -  2024 LATEST NIGERIAN MOVIES",2024-07-01T13:00:10Z,270210
s9wdhvFPOyk,Saved a cute cat ğŸˆâ¤ï¸ #shorts #viral #viralvideo #trending #cat #shortvideo,2024-07-01T02:35:02Z,269160
FN4affqh1yM,The lost dog reunited with its owner in a heartfelt moment. #short #shortvideo #viralvideo #love,2024-07-04T10:56:54Z,268936
2uqWOD4L-jw,Akpan and Oduma 'Secret Marriage Part 2',2024-07-01T16:30:01Z,268472
cvTgq_Y8rHk,Defe Defe Afromix dance video by Demzy Baye & Endurancegrand,2024-06-11T21:13:41Z,265757
q9DI2JgfISg,Spyro ft Phyno- Shutdown (Official Video),2024-06-25T23:00:07Z,262414
sO5sdlAwV1w,Victony - Anita (Official Visualizer),2024-06-24T17:06:41Z,261582
Z9SYrgyOWWY,"""ì„¸ì¢…ì—­ ì¶©ë¶ì§€ì‚¬ì™€ í˜‘ì˜?"" ì—­í’ ë§ì€ ì›í¬ë£¡ (2024.07.04/ë‰´ìŠ¤ë°ìŠ¤í¬/MBCì¶©ë¶)",2024-07-05T03:45:04Z,261337
4ssp2qAM-4M,MY IN-LAW IS A FOOD CRITIC | MR MACARONI | OPEYEMI FAMAKIN | MOTUNDE,2024-07-01T08:02:50Z,260882
4ssp2qAM-4M,MY IN-LAW IS A FOOD CRITIC | MR MACARONI | OPEYEMI FAMAKIN | MOTUNDE,2024-07-01T08:02:50Z,260882
4ssp2qAM-4M,MY IN-LAW IS A FOOD CRITIC | MR MACARONI | OPEYEMI FAMAKIN | MOTUNDE,2024-07-01T08:02:50Z,260882
ZfqSx1loKi0,3 Kinda Obvious Facts You Missed In Inside Out 2...,2024-06-30T19:00:16Z,259443
fb8eR90EVEE,Happy birthday to the no beautiful boys munir and Khalid #youtubeshorts #regina #foryou #billionaire,2024-06-29T16:39:21Z,256817
fb8eR90EVEE,Happy birthday to the no beautiful boys munir and Khalid #youtubeshorts #regina #foryou #billionaire,2024-06-29T16:39:21Z,256817
govVyMoRjeQ,Very Funny attack by Chucky in real life funny video try not to laugh nerf war  #comedy,2024-06-26T08:08:50Z,256731
nS4XkcwySlk,Funniest fails (10)ğŸ˜³ğŸ˜±#shorts,2024-06-29T15:38:18Z,255724
3p1P_7ATLG8,"Ole Ara Yoruba Movie 2024 Drama Oyinda Sanni,Damilola Oni,Bayo Adeniyi, TundeAderinoye,Habeeb Alagbe",2024-06-28T11:00:06Z,254439
RagUBySH_hs,@arthur1_ofc â€”â€”Quem danÃ§ou melhor? #shorts #brasil #dance #dancabrasil #humor #dancarino #danceform,2024-06-23T15:08:38Z,252572
eefXAZpwbxo,Ğ¡Ğ°Ğ¼Ñ‹Ğ¹ Ğ´ĞµÑˆÑ‘Ğ²Ñ‹Ğ¹ Ğ²ĞµĞ·Ğ´ĞµÑ…Ğ¾Ğ´ | ĞĞ° Ğ·Ğ°Ğ±Ñ€Ğ¾ÑˆĞµĞ½Ğ½Ñ‹Ğ¹ Ğ·Ğ°Ğ²Ğ¾Ğ´,2024-07-05T10:11:25Z,251282
BPE3wFrYvAE,Most disgr@ceful dribbling on earth,2024-07-03T09:54:53Z,249937
CT7ZIYPXNaQ,I Ain't Yo Momma(Gumball Edition)#ai #chatgpt #aiart,2024-06-23T21:28:46Z,248776
rT8j719fk3A,No.. Now You Have Nothing ..,2024-06-25T22:30:09Z,246520
EGhP-XSIT8U,Commas,2024-05-30T23:04:41Z,246148
wQaUATeOyCo,Portugal vs France PENALTY SHOOTOUT (3-5) | EURO 2024.,2024-07-05T21:55:51Z,244133
RQxEiVYe1m0,ğŸ˜­3 Facts That Will Hurt You In Inside Out 2....,2024-07-02T11:00:24Z,238440
oVMMrbeHR4g,wait for endğŸ˜†| whole it cell vs paajiğŸ—¿,2024-07-04T14:52:11Z,237704
qq5PaPX6wao,Jesse Williams messy past #greysanatomy #story #shorts #celebrity,2024-06-21T11:04:23Z,233722
cR-vup5r35g,Adekunle Gold - Rodo,2024-07-02T17:00:06Z,232627
-k8IFXe2h5E,chivido:spa time with chioma adeleke#nneamakanwokotv #entertainment #selfcare #chivido2024,2024-06-27T18:42:21Z,231704
e5Wz1NS8nzE,JJK VS SUKUNAâ€™S FORMS PART 19 (CURRENT SUKUNA),2024-06-22T13:29:25Z,229067
E_uzBHWq8zQ,His back is twice the size ğŸ˜³... #shorts #gymtips #workout,2024-06-27T16:51:13Z,223186
K1LLM7hxYH8,"The Big Bang Theory | Sheldon: Cats Make Wonderful Companions, They Don't. #shorts #thebigbangtheory",2024-07-05T16:31:58Z,222964
K1LLM7hxYH8,"The Big Bang Theory | Sheldon: Cats Make Wonderful Companions, They Don't. #shorts #thebigbangtheory",2024-07-05T16:31:58Z,222964
BrmhBnaB_00,"COUP D'UN SOIR (Film complet): Films africains | BEN TOUITOU, SHAZNAY OKAWA, PEARL WATS  FILM 2024",2024-06-27T16:00:09Z,220876
aHD0XW8ECuc,ğŸ¤«3 Breath-taking Things You Want To Know In Inside Out 2....,2024-06-28T17:00:00Z,219571
RqfXjIyFbr0,Spiderman and Superman true heroes serving their countryğŸ˜± ğŸ¥ºğŸ’¥#marvel #dc #shorts,2024-07-04T08:14:16Z,216664
7YnZelNAEao,Small Doubt |#swapnavaitla #youtubeshorts #foryou #funny #comment #comedy #foodie #athamma #fun,2024-07-05T00:30:03Z,215312
Kycb99x1R6k,"ç«‹é™¢æ‹æ¿è—ç™½å„2:1æ¨è–¦æ†²æ³•æ³•åº­ä»£ç†äºº! å®³æ€•éŸ“åœ‹ç‘œå‹•ç”¨""å”å•†å¤§æ‹›""æ°‘é€²é»¨åœ˜åš‡åˆ°180åº¦å¤§è½‰è®Šä¹–ä¹–ç°½å­—äº†!",2024-07-05T10:01:14Z,214937
J1a5LpMvJHY,Who are football's Free Agents this summer?,2024-06-15T11:00:14Z,214539
l17FW1rFUvs,Lefties losing it: Rita Panahi reacts to Cenk Uyger's Biden blow up after trainwreck debate,2024-07-05T06:20:33Z,210022
4rPwvb-7a8o,WHERE WE GOT IT WRONG  EP25 | MR ALOY  | LATEST MOVIE | #trendingshorts  #trending #shorts #634 #bts,2024-06-30T07:20:28Z,208931
o0gnd37VxYo,Â¿Perder La VergÃ¼enza? âŒ #DesarrolloPersonal #Dinero #Finanzas #Invertir #Mentalidad #Pena #VergÃ¼enza,2024-07-04T23:30:14Z,208889
XemmLoTS0x0,Davidoâ€™s Aunt ask why they are stressing David?,2024-07-02T09:11:34Z,208573
XemmLoTS0x0,Davidoâ€™s Aunt ask why they are stressing David?,2024-07-02T09:11:34Z,208573
03rRiqpm3lk,"GAME CHANGER - UCHECHI TREASURE OKONWO, IFEOMA NEBEDM, CHIDINDIVE LAWRENCERITA, NNAJIKENZI NKEMKANNA",2024-06-28T16:05:37Z,207159
-ZvSm03uooU,You can learn the butterfly makeup without any basic knowledge. Children can't even walk when th,2024-06-27T06:30:29Z,206309
c1XLWUl1txg,#festival #afrobeats #burnaboy #concert #viral #niajacomedy #childrensday #viralvideo #funnynaijac,2024-06-25T18:37:01Z,205553
Rk8lv-EegDU,@luluperrieroficial â€”â€”Qual time vocÃª torce?comenta aqui ! Me: Flamengo #dancarino #dance #brasil #us,2024-06-21T16:43:08Z,205359
O0HgbM0JMBo,They always have a way to take snacks from usğŸ˜³ğŸ˜³,2024-06-24T17:00:45Z,205210
gJvMF-EIObw,TONY ROCK ON WHEN OLDER KID PULLED  OUT A G*N ON HIM OVER A GIRL IN HIGH-SCHOOL #VLADTV,2024-06-24T17:16:45Z,204712
0a2_TT5g9oM,military food,2024-06-30T07:50:15Z,203930
rGtgBQ9_kYQ,When Prank Queens finally meetâ€¦what do you expect? ğŸ¤£ #lingandlamb #funny #prank,2024-07-01T17:06:18Z,199499
_kR-_JKqrUc,Prisoner highjacked a cops and escaped. #short #shortvideo #subscribe #viral,2024-06-30T16:00:34Z,198447
hibO72sDN78,Ibiza Summer Mix 2024 ğŸ“ Best Of Tropical Deep House Music Chill Out Mix 2023 ğŸ“ Chillout Lounge,2024-07-05T03:57:53Z,196510
DXxYZOt_dsU,Portable - High Fashion [Official Video],2024-06-28T13:00:07Z,194025
9IsrCFxWEFI,They Turned Him Into A Frisbee After He Passed ğŸ˜¨ #interesting,2024-07-05T00:59:16Z,192330
9IsrCFxWEFI,They Turned Him Into A Frisbee After He Passed ğŸ˜¨ #interesting,2024-07-05T00:59:16Z,192330
zusJeffR8FI,"à¤ªà¥à¤°à¤šà¤£à¥à¤¡ à¤° à¤°à¤µà¤¿ à¤à¤•à¤¸à¤¾à¤¥ à¤à¤•à¥à¤¸à¤¨à¤®à¤¾ - à¤µà¤¿à¤¶à¥à¤µà¤¾à¤¸à¤•à¥‹ à¤®à¤¤ à¤…à¤˜à¤¿à¤¨à¥ˆ à¤•à¤ à¥‹à¤° à¤¨à¤¿à¤°à¥à¤£à¤¯ à¤²à¤¿à¤¨à¥‡, à¤à¤®à¤¾à¤²à¥‡ à¤•à¤¾à¤‚à¤—à¥à¤°à¥‡à¤¸ à¤¤à¤¨à¤¾à¤µà¤®à¤¾ Prachanda",2024-07-05T12:48:45Z,191940
uk-tRuI4_oo,Davido Marrys Chioma Today #chivido2024 #davido #chioma #wedding #shorts #trends #nigeria #viral,2024-06-26T00:18:33Z,189320
_j60qCz8oKU,SAÄANAK YAÄMURDA 2 KATLI Ã‡ADIRIMIZLA KAMP,2024-07-05T16:00:37Z,187649
ozbrSQJTDGc,Movie ğŸ”¥ é¨·å¥³äººè¶è‘—éœ¸ç¸½é†‰é…’è„«è¡£ç»èº«ï¼Œèª°çŸ¥äººå®¶åªæ„›å¦»å­ä¸€äºº,2024-06-28T11:45:07Z,186517
sMk6NVIDAhQ,Es IMPOSIBLE TOMARSE este VASO de AGUA !!,2024-07-05T00:16:50Z,186094
sMk6NVIDAhQ,Es IMPOSIBLE TOMARSE este VASO de AGUA !!,2024-07-05T00:16:50Z,186094
lowReaA5PYQ,Olamide - Morowore (Official Visualizer),2024-06-26T23:00:21Z,184787
Z-_0YHKWFaA,Peter Obi Calls For Nnamdi Kanuâ€™s Release + Tinubu Condemns Borno Suicide Bombings | W/OjyOkpe,2024-07-01T15:04:15Z,183755
Z-_0YHKWFaA,Peter Obi Calls For Nnamdi Kanuâ€™s Release + Tinubu Condemns Borno Suicide Bombings | W/OjyOkpe,2024-07-01T15:04:15Z,183755
3tId2whOc_Y,I Am Not Willing To Be Wikeâ€™s Friend - Ireti Kingibe,2024-06-30T18:06:34Z,182968
3tId2whOc_Y,I Am Not Willing To Be Wikeâ€™s Friend - Ireti Kingibe,2024-06-30T18:06:34Z,182968
3tId2whOc_Y,I Am Not Willing To Be Wikeâ€™s Friend - Ireti Kingibe,2024-06-30T18:06:34Z,182968
ehMP7F72TCI,"MY RIDE OR DIE - SONIA UCHE, LIZZY GOLD, MAURICE SAM, SAMMY LEE 2024 LATEST NIGERIAN MOVIES",2024-07-02T13:00:49Z,181785
ehMP7F72TCI,"MY RIDE OR DIE - SONIA UCHE, LIZZY GOLD, MAURICE SAM, SAMMY LEE 2024 LATEST NIGERIAN MOVIES",2024-07-02T13:00:49Z,181785
ehMP7F72TCI,"MY RIDE OR DIE - SONIA UCHE, LIZZY GOLD, MAURICE SAM, SAMMY LEE 2024 LATEST NIGERIAN MOVIES",2024-07-02T13:00:49Z,181785
fz3EgrIZwhw,"Ayanmo Ire 2 - Yoruba Movie 2024 Drama | Yetunde Barnabas, Lola Idije, Ifedayo Rufai, Peter Ijagbemi",2024-06-28T10:00:45Z,181428
MwaOdg2JnMQ,CONTENT APPROVAL OFFICE | MR MACARONI | OTUNBA | LASISI ELENU | NAS BOI | CRAZE CLOWN,2024-06-29T10:36:10Z,181409
BvHTr5DKNTY,"à¤•à¥à¤¯à¤¾ Kanak ka à¤¸à¤š aayega Uma Shankar ke saamne? | Tu Sooraj Main Saanjh, Piyaji",2024-07-05T15:45:00Z,179589
EB_MYzpqgMk,She was chased by a stranger and she discovered a strange rooms. #short #shortvideo #asmr #viral,2024-06-25T14:00:11Z,178240
m6Tp-p3Y4aw,When the teacher picks you to answer a question,2024-06-28T20:38:57Z,177283
F-8RgpGhxdc,ANGST VOR DER BOX?,2024-07-05T17:21:51Z,175066
Ftc5kcVntfE,Watch As Golfers Stunned By Trump Trashing Biden & Kamala,2024-07-05T20:00:10Z,173155
Ftc5kcVntfE,Watch As Golfers Stunned By Trump Trashing Biden & Kamala,2024-07-05T20:00:10Z,173155
4K-wvO3hVjA,PETERSON  OFFICIAL PROPOSAL VIDEO,2024-07-01T15:00:06Z,172114
-f1d5Xd-Kaw,"BAD ROMANCE  with Chidi Dike, Emmanuela Iloba and Sharon Ace in 2024 new full movie",2024-07-03T17:02:57Z,171847
-f1d5Xd-Kaw,"BAD ROMANCE  with Chidi Dike, Emmanuela Iloba and Sharon Ace in 2024 new full movie",2024-07-03T17:02:57Z,171847
q3g7-EmW5kg,Na man wey calm down go enjoy this money with me ğŸ˜ #lagosnigeria #funny,2024-07-01T14:35:32Z,171596
PSkeMUSsyPo,BOBA GANGGG,2024-07-04T23:13:57Z,168147
PSkeMUSsyPo,BOBA GANGGG,2024-07-04T23:13:57Z,168147
NUqdPctWMb8,he wasn't informed ğŸ˜‚ #viral #comedy #makethisgoviral #fyp #reels #trendingshorts #trending #trend,2024-06-28T17:27:30Z,168144
QUGMrVBiDOM,My New Baby - House Keeper Series,2024-07-03T18:00:46Z,167084
s7emELbvmdU,MID NIGHT PRAYER COMMANDING THE DAY-ALL ROUND REST. 01-07-2024,2024-07-01T23:38:34Z,166388
bPH9KN7YN9Q,Dave Chappelle On Meeting A Special Lady In LA ğŸ˜‚ğŸ˜,2024-06-25T23:16:07Z,165947
IZyzqbpowlI,The man who killed millions but saved billionsâ€¦,2024-06-29T17:49:34Z,164821
4ITuYR0uPVg,Rohit Sharma's Mother Breaks Internet With Emotional bond With his son,2024-07-05T01:35:08Z,160692
46yRqbQrUpU,"EL MEJOR ARQUERO DEL MUNDO ğŸ—£ï¸ ""NO ESTABA LISTO PARA IRME A CASA""",2024-07-05T03:54:26Z,160658
ZVOvaQtDhQk,Wike Dares Kingibe In Â£2K Versace Coat + Deizaniâ€™s Ex-Husband Petitions Over Name Change|W/OjyOkpe,2024-07-02T14:20:58Z,159181
AAs5jkZTx2A,#youtubeshorts #tolaandola,2024-07-02T13:04:37Z,158338
Y5xtqInM6fk,International Day of Answers - All Nations Prayer Service - JULY 2ND 2024,2024-07-02T06:50:40Z,157875
sXGdeKOvA7I,ğŸ˜«3 Desperate Facts You Haven't heard In Inside Out 2....,2024-06-28T15:01:00Z,156324
sXGdeKOvA7I,ğŸ˜«3 Desperate Facts You Haven't heard In Inside Out 2....,2024-06-28T15:01:00Z,156324
uu1dCfP5vVc,SHE'S GONE TOO FAR!!,2024-07-05T19:15:04Z,152394
0jgsYuwyCSA,Catching loaches. Catching loaches at the water mouth.,2024-06-30T12:18:53Z,148523
VYpHGS_zgvc,GLOBAL MID-YEAR FASTING & PRAYING || DAY 1 || ARISE AND SHINE || 1ST JULY 2024,2024-07-01T17:23:47Z,147363
VYpHGS_zgvc,GLOBAL MID-YEAR FASTING & PRAYING || DAY 1 || ARISE AND SHINE || 1ST JULY 2024,2024-07-01T17:23:47Z,147363
PXWoaVEjFn8,GLOBAL MID-YEAR FASTING & PRAYERS || DAY 3 || SECOND HALF OF BACK TO BACK WONDERS || 3RD JULY 2024,2024-07-03T17:26:29Z,146038
PXWoaVEjFn8,GLOBAL MID-YEAR FASTING & PRAYERS || DAY 3 || SECOND HALF OF BACK TO BACK WONDERS || 3RD JULY 2024,2024-07-03T17:26:29Z,146038
BIYHtE3Ku7o,GLOBAL MID-YEAR FASTING & PRAYING || DAY 2 || SECOND HALF OF 'NO EVIL EMERGENCY' || 2ND JULY 2024,2024-07-02T17:24:08Z,145845
Qm2b_0aYeow,I learned how to Â´Kipâ€™ at 25 ğŸ¥¹ğŸ¤¸â€â™€ï¸ğŸ’ª Itâ€™s never too late! Full vlog out now #bravegang #gymnastics,2024-07-05T17:32:36Z,144020
Qm2b_0aYeow,I learned how to Â´Kipâ€™ at 25 ğŸ¥¹ğŸ¤¸â€â™€ï¸ğŸ’ª Itâ€™s never too late! Full vlog out now #bravegang #gymnastics,2024-07-05T17:32:36Z,144020
yTzYT9ec45s,Director #NagAshwin responded about Superstar #MaheshBabu as Lord Krishna #ytshorts #shreyasmedia,2024-07-05T13:55:19Z,143414
85qjzZHLMYg,Food in the building part 1,2024-06-30T14:14:57Z,142450
IEC2x-D-NN4,I got my â€˜1 Million Subscribersâ€™ Play Button!!! ğŸ™ŒğŸ¥¹ğŸ¤©ğŸ¥³ #shorts,2024-07-01T20:11:00Z,141927
IEC2x-D-NN4,I got my â€˜1 Million Subscribersâ€™ Play Button!!! ğŸ™ŒğŸ¥¹ğŸ¤©ğŸ¥³ #shorts,2024-07-01T20:11:00Z,141927
dR93x9MLA4Q,"Despicable Me 4: UNANSWERED QUESTIONS, EPIC Rivalries, and FULL MOVIE Breakdown! ğŸ˜²ğŸ”¥ğŸ¬",2024-07-04T20:00:12Z,140298
4DfDC3cIdSo,VIERNES POR FIIIN! ABREN CAJA DE PANDORA. ANULAN ELECCIÃ“N. ALFARO PONE BARBAS A REMOJAR. JUSTICIA,2024-07-05T23:53:53Z,136710
0Buw8VMzT08,"MID-NIGHT PRAYER COMMANDING THE DAY-PERFECTION, LIVE FROM HOUSTON  TEXAS. 03-04-2024",2024-07-04T00:11:24Z,136027
0Buw8VMzT08,"MID-NIGHT PRAYER COMMANDING THE DAY-PERFECTION, LIVE FROM HOUSTON  TEXAS. 03-04-2024",2024-07-04T00:11:24Z,136027
9_NCUS4xCUA,"NIGHT OF OPEN HEAVEN (DAY 47 OF 100 DAYS ) || 3RD JULY, 2024.",2024-07-03T23:34:34Z,127094
9_NCUS4xCUA,"NIGHT OF OPEN HEAVEN (DAY 47 OF 100 DAYS ) || 3RD JULY, 2024.",2024-07-03T23:34:34Z,127094
N6Gr7coN8JA,"LAGOS BIG GIRLS - New Nollywood movie starring Mike Godson, Teniola Aladese, Omeche Oko, Osereme I.",2024-07-03T16:00:18Z,125411
N6Gr7coN8JA,"LAGOS BIG GIRLS - New Nollywood movie starring Mike Godson, Teniola Aladese, Omeche Oko, Osereme I.",2024-07-03T16:00:18Z,125411
Sy_GDvrn67s,"NIGHT OF OPEN HEAVEN  (DAY 45 OF 100 DAYS ) || 1ST JULY, 2024.",2024-07-01T23:42:21Z,123654
LarNV9Qet50,Akpabio Gifts Tinubu A Second Term + Wole Soyinka Honored With National Day @90| W/OjyOkpe,2024-07-03T14:58:11Z,121804
LarNV9Qet50,Akpabio Gifts Tinubu A Second Term + Wole Soyinka Honored With National Day @90| W/OjyOkpe,2024-07-03T14:58:11Z,121804
bwgzhUSOorM,#jesus #godmessage #faith #catholic #shorts #god #jesuslovesyou,2024-07-03T20:08:51Z,121756
bwgzhUSOorM,#jesus #godmessage #faith #catholic #shorts #god #jesuslovesyou,2024-07-03T20:08:51Z,121756
6qPadsv7RME,I Found The BOSS ZOMBIE.. (Part 2),2024-07-05T17:08:05Z,119019
FVke-gvEEKc,"Just pray life doesnâ€™t happen to you,I will book mama flight to come see her sonâ¤ï¸",2024-07-03T21:29:14Z,118251
Uj7-3EBsxRo,Baron Corbinâ€™s got that Erling Haaland pose down Pat ğŸ˜‚âš½ï¸,2024-07-01T16:00:22Z,117751
SjuQcP-WNJs,A diferenÃ§a entre MESSI e CR7 nos PÃªnaltis Ã© â€¦ #futebol #shorts,2024-07-05T16:27:04Z,117737
t2WTG-1wCDs,How many...?,2024-07-05T17:01:00Z,116854
t2WTG-1wCDs,How many...?,2024-07-05T17:01:00Z,116854
iMMCHlsz1F0,PASSAMOS A PRIMEIRA NOITE NO QUARTO DO CASEIRO,2024-07-05T13:15:06Z,116272
8hRsKZT220k,"ã€å…¨ç¨‹å­—å¹•ã€‘æ’å˜´ç‹æŸ¯å»ºéŠ˜åˆä¸Šç·š!éŸ“åœ‹ç‘œä¸‰åº¦é˜»æ­¢  å""ä¸€å¥è©±""è®“ä»–é–‰å˜´äº†...ï½œæœé‡å”å•†é€£å¥½å¥½å…ˆç”Ÿå‘¨è¬ä¾†éƒ½å‹•æ€’....æŠ“åŒ…ä»–""ç†±ç·š""å¤§æ³•å®˜æ›¸è¨˜è™•?æ°‘çœ¾é»¨ç‹ è­™:""è’è¬¬!""",2024-07-05T10:09:24Z,114809
XEQWxKQ0bFw,Hamster Kombat daily cipher Morse code || 04/07/2024,2024-07-03T21:28:40Z,114563
XEQWxKQ0bFw,Hamster Kombat daily cipher Morse code || 04/07/2024,2024-07-03T21:28:40Z,114563
RY8umgy1yQ0,Restaurando una CABAÃ‘A ABANDONADA de mÃ¡s de 100 AÃ‘OS 20 ğŸ  Continuamos... - DetecciÃ³n MetÃ¡lica 426,2024-07-05T19:45:00Z,108405
1JZnSbuQ8s4,MAKING LIPGLOSS @OfficialYummiland,2024-07-04T14:57:02Z,105623
00l0Ij0yeV4,"PROPHETIC ADORATION (DAY 47 OF 100 DAYS ) || 3RD JULY, 2024.",2024-07-03T18:08:02Z,103277
00l0Ij0yeV4,"PROPHETIC ADORATION (DAY 47 OF 100 DAYS ) || 3RD JULY, 2024.",2024-07-03T18:08:02Z,103277
T0BReVc-CfM,HADIZA GABON: G-Fresh ya rarrabe tsakanin Aya da Tsakuwa cikin lamarinsa da Sadiya.,2024-07-03T19:04:23Z,102955
NWCHir7LVOk,TerÃ§o da MisericÃ³rdia - 05/07 | Instituto Hesed,2024-07-05T18:42:51Z,102529
u8iEL4ywSU4,"NIGHT OF OPEN HEAVEN  (DAY 48 OF 100 DAYS ) || 4TH JULY, 2024.",2024-07-04T23:10:44Z,100117
38d0f-hvpJg,CHEWING ON PEN ON PENCIL #pen #pencil #chewingonpen,2024-07-05T16:00:02Z,95584
SBxETB9e7_o,ëœ¨ê±°ìš´ ì°¨ì— ë”¸ ê°‡í˜”ëŠ”ë°â€¦ë¶€ëª¨ë¼ëŠ” ì´ë“¤ì˜ 'ì¶©ê²©ì  í–‰ë™' / SBS / ì˜¤í´ë¦­,2024-07-05T08:42:59Z,92060
FJhjoPHNynw,Can't afford to lose AurağŸ˜…,2024-07-04T19:16:58Z,90584
k1B-qJuOiDQ,"THE WORKOUT (Yawaskits - Episode 260) Solution, Boma",2024-07-05T16:20:44Z,88041
SZ-LHP4RD08,Should we make a part 2?? ğŸ˜ğŸ‘€,2024-07-04T16:00:33Z,86643
GQ_pd9dNPSw,THE DISEASE CALLED BEWITCHMENT  -  MFM MANNA WATER  03-07-2024 DR DK OLUKOYA,2024-07-03T19:05:21Z,82956
rddjnN90iYI,Acidente de Ã´nibus deixa ao menos 10 mortos em Itapetininga (SP) I Bora Brasil,2024-07-05T11:26:36Z,79084
wHUtbo4YwSs,Gioco finito male!,2024-07-05T09:00:55Z,78349
3uKsGXRMLBg,à¸ªà¸¸à¸”à¸ˆà¸±à¸”à¹„à¸›à¹€à¸¥à¸¢ #à¸ˆà¸µà¸šà¸«à¸™à¸¹à¸«à¸™à¹ˆà¸­à¸¢ #à¸¨à¸£à¸£à¸²à¸¡à¸™à¹‰à¸³à¹€à¸à¸Šà¸£ #à¸‹à¸²à¸™à¸´ #à¹‚à¸­à¹Šà¸•à¸›à¸£à¸²à¹‚à¸¡à¸—à¸¢à¹Œ #à¹‚à¸„à¸•à¸£à¸„à¸¹à¸¥,2024-07-04T10:15:00Z,77936
KGy5SYwE-ok,â€˜Kamala versus Bidenâ€™: â€˜Chaosâ€™ currently unfolding across the United States,2024-07-05T04:36:16Z,76229
o8YNc9mmJ9o,Wait until the end ğŸ˜‚ #indian #relatable #comedy #funny,2024-07-05T08:29:01Z,68374
yKvROqcATVY,WHEN THE PRINCIPAL CALLS YOU IN,2024-07-04T21:37:00Z,67846
yKvROqcATVY,WHEN THE PRINCIPAL CALLS YOU IN,2024-07-04T21:37:00Z,67846
zbt5i4e1kaU,à¤¹à¤° à¤‰à¤¸ à¤†à¤à¤– à¤®à¥‡à¤‚ à¤–à¤Ÿà¤•à¤¨à¤¾ à¤¹à¥ˆ ğŸ”¥ğŸ˜¡,2024-07-05T03:27:08Z,67678
VP0DVOx753M,Bro got into real trouble ğŸ˜” @samzreacts #shorts #viral #foryou,2024-07-04T23:35:48Z,67634
zSjqIkbdbUM,Cliffe & Stuart Knechtle - The George Janko Show | Baptism of Children | Give Me an Answer,2024-07-05T00:36:15Z,67263
JohKmP6y1sE,Gotta â¤ï¸ got it?,2024-07-05T08:29:35Z,62425
BDu8OUsCX9E,Appreciate himğŸ’ªğŸ¼â¤ï¸ #foryou #shorts @samzreacts,2024-07-05T15:22:35Z,62247
k-IiyFLU20g,Day 5/30 Summer Cut,2024-07-05T16:00:46Z,62048
jtoaDVpGdWQ,Mercy Chinwo - More Than Enough (Official Video),2024-07-05T13:00:08Z,55490
fSIFopCwi9g,DIDDY GLOW vs TINYO RD en DJ SCUFF,2024-07-05T18:54:48Z,47574
EFMPWN9Bib0,è«è¿ªç¼ºå¸­! æ´¾å¤–é•·åƒåŠ  ä¸»è¾¦å–®ä½é™æ ¼æ¥å¾… | é™ç´šåƒåŠ  å°åº¦ææ¶¼è‡ªå·±ã€ç›§ç§€èŠ³è¾£æ™šå ±ã€‘ç²¾è¯ç‰ˆ@ä¸­å¤©æ–°èCtiNews,2024-07-05T13:15:01Z,43533
3G9XR8JtJyg,High Quality Dyed SAMPLESğŸ’• #oddlysatisfying,2024-07-05T09:00:02Z,32294
iznHKeRLtcs,FARIN WATA sha kallo- Season 3__Episode 4 _Official Home Video / Web Series /Season 03,2024-07-05T19:00:06Z,24567
9x31ISPCVC8,Behind The Scenes : Hit Bite Love The Series EP.5,2024-04-29T10:40:34Z,23426
N-8m74_N05g,â€œL'ascensore infernaleâ€ - Cerbero Party Bergamo (by Marco Kitano),2024-07-01T12:01:19Z,12718
U1TQuRYUUwA,Boscar 2023: il Pre-Show. ğŸ”´ RED CARPET 1â€™ Serata.,2024-07-01T12:01:45Z,9877
7AWzQaXXszM,"Maitree - Quick Recap - Ep no13 - Ashish,Maitree,Nandini - Zee Tv",2023-10-20T12:45:00Z,3384
K3g7mkcBxog,Maitree - Quick Recap - Zee TV,2023-08-31T11:50:01Z,2889
a1e5P78BBz4,Neel à¤¨à¥‡ à¤•à¤¿à¤¯à¤¾ Chahat à¤•à¥‹ Save | Qurbaan Hua | ZEE TV,2023-08-16T06:30:00Z,1711
